Date,Symbol,Open,High,Low,Close,Volume
2025-09-26,ADBL,400.66,402.3,398.35,400.0,75267
2025-09-29,ADBL,400.65,402.45,400.07,401.86,36674
2025-09-30,ADBL,398.24,402.14,391.88,395.79,47033
2025-10-01,ADBL,394.81,402.85,394.11,402.15,13745
2025-10-02,ADBL,401.72,410.36,399.15,407.79,50722
2025-10-03,ADBL,404.3,413.95,396.72,406.38,23866
2025-10-06,ADBL,408.74,413.38,407.88,412.52,13604
2025-10-07,ADBL,412.74,420.61,398.39,406.26,34282
2025-10-08,ADBL,405.55,406.34,401.85,402.65,68109
2025-10-09,ADBL,403.2,407.35,384.0,388.14,28839
2025-10-10,ADBL,392.16,395.05,376.35,379.24,46696
2025-10-13,ADBL,380.97,394.49,378.56,392.09,15478
2025-10-14,ADBL,388.15,411.02,381.08,403.95,22896
2025-10-15,ADBL,404.89,406.74,402.61,404.47,41408
2025-10-16,ADBL,404.45,417.3,403.75,416.6,20194
2025-10-17,ADBL,417.81,424.03,408.97,415.18,55062
2025-10-20,ADBL,413.87,420.42,406.63,413.17,55033
2025-10-21,ADBL,415.14,416.31,412.27,413.44,67048
2025-10-22,ADBL,412.88,413.75,411.49,412.36,64638
2025-10-23,ADBL,411.23,413.89,407.98,410.63,16371
2025-10-24,ADBL,413.12,420.2,411.91,418.99,72250
2025-10-27,ADBL,417.03,424.52,412.36,419.85,78027
2025-10-28,ADBL,420.7,429.77,415.88,424.94,25093
2025-10-29,ADBL,423.63,439.42,416.64,432.43,72114
2025-10-30,ADBL,432.87,435.68,432.06,434.88,11134
2025-10-31,ADBL,434.5,443.89,417.26,426.66,42114
2025-11-03,ADBL,424.8,429.48,411.15,415.83,50862
2025-11-04,ADBL,415.6,419.08,413.25,416.74,57995
2025-11-05,ADBL,416.14,421.02,410.35,415.23,97609
2025-11-06,ADBL,415.44,415.97,415.15,415.69,144866
2025-11-07,ADBL,417.01,422.82,409.55,415.37,98557
2025-11-10,ADBL,416.8,435.9,415.38,434.49,20146
2025-11-11,ADBL,435.16,438.07,420.56,423.47,58638
2025-11-12,ADBL,426.13,430.7,403.36,407.93,34875
2025-11-13,ADBL,407.37,415.23,402.47,410.33,62395
2025-11-14,ADBL,411.06,411.91,406.62,407.46,46821
2025-11-17,ADBL,405.63,416.32,399.05,409.75,38619
2025-11-18,ADBL,411.11,420.96,404.13,413.98,61263
2025-11-19,ADBL,412.12,424.77,410.74,423.38,83123
2025-11-20,ADBL,423.63,432.01,403.14,411.53,49331
2025-11-21,ADBL,412.4,413.22,406.47,407.29,33801
2025-11-24,ADBL,408.77,410.55,408.62,410.41,148356
2025-11-25,ADBL,410.24,421.83,404.41,416.01,17885
2025-11-26,ADBL,415.03,439.11,408.15,432.23,15276
2025-11-27,ADBL,435.24,441.9,432.44,439.09,54076
2025-11-28,ADBL,439.81,440.71,437.02,437.92,84872
2025-12-01,ADBL,437.72,441.48,426.44,430.2,27677
2025-12-02,ADBL,429.64,434.6,420.34,425.31,70589
2025-12-03,ADBL,426.41,428.79,417.98,420.36,39651
2025-12-04,ADBL,419.02,427.24,416.79,425.02,30160
2025-12-05,ADBL,425.49,427.4,424.67,426.58,44007
2025-12-08,ADBL,425.94,426.51,415.4,415.98,241509
2025-12-09,ADBL,416.67,420.41,408.77,412.51,31573
2025-12-10,ADBL,412.29,420.78,410.4,418.89,43290
2025-12-11,ADBL,416.26,429.19,408.34,421.27,24781
2025-12-12,ADBL,420.87,426.14,419.99,425.26,88156
2025-12-15,ADBL,423.98,434.12,417.64,427.78,90405
2025-12-16,ADBL,429.3,440.42,428.72,439.84,124336
2025-12-17,ADBL,439.66,444.02,436.61,440.96,30839
2025-12-18,ADBL,440.42,448.96,428.58,437.13,61613
2025-12-19,ADBL,438.21,440.53,426.92,429.24,28989
2025-12-22,ADBL,431.42,434.25,427.85,430.67,26946
2025-12-23,ADBL,430.95,432.16,410.01,411.22,87293
2025-12-24,ADBL,409.09,413.73,405.11,409.75,17809
2025-12-25,ADBL,409.64,412.01,405.79,408.15,27636
2025-12-26,ADBL,408.46,412.5,394.04,398.09,37476
2025-12-29,ADBL,397.49,400.54,388.54,391.59,93070
2025-12-30,ADBL,392.62,400.71,389.49,397.58,85845
2025-12-31,ADBL,397.04,404.9,391.53,399.4,72065
2026-01-01,ADBL,399.13,404.9,394.49,400.26,23369
2026-01-02,ADBL,402.16,406.43,398.31,402.59,18055
2026-01-05,ADBL,402.95,408.18,398.09,403.33,52977
2026-01-06,ADBL,404.42,413.64,403.19,412.4,23716
2026-01-07,ADBL,411.7,421.92,402.97,413.19,37719
2026-01-08,ADBL,411.27,412.38,401.08,402.19,12217
2026-01-09,ADBL,403.64,416.2,401.51,414.07,77166
2026-01-12,ADBL,412.72,421.61,407.77,416.66,18174
2026-01-13,ADBL,417.72,419.77,409.98,412.02,46170
2026-01-14,ADBL,410.59,418.7,394.49,402.6,35674
2026-01-15,ADBL,403.84,407.52,401.86,405.54,39598
2026-01-16,ADBL,405.68,407.02,403.36,404.69,54795
2026-01-19,ADBL,404.8,417.49,403.5,416.19,30914
2026-01-20,ADBL,416.99,417.33,413.05,413.38,42637
2026-01-21,ADBL,415.6,417.15,405.45,407.0,42578
2026-01-22,ADBL,408.44,416.23,405.75,413.54,15998
2026-01-23,ADBL,414.1,424.82,409.55,420.27,49505
2026-01-26,ADBL,419.63,426.49,414.39,421.25,25244
2026-01-27,ADBL,422.84,428.13,420.77,426.06,55486
2026-01-28,ADBL,425.13,425.42,425.05,425.34,16158
2026-01-29,ADBL,426.35,432.78,420.29,426.72,23765
2026-01-30,ADBL,426.6,438.36,423.47,435.23,30568
2026-02-02,ADBL,433.94,441.4,432.02,439.49,29547
2026-02-03,ADBL,438.61,439.14,436.88,437.41,54255
2026-02-04,ADBL,436.09,455.74,427.73,447.37,13372
2026-02-05,ADBL,447.11,455.66,418.85,427.41,24394
2026-02-06,ADBL,427.63,443.66,426.71,442.74,13878
2026-02-09,ADBL,443.26,451.03,420.55,428.33,39389
2026-02-10,ADBL,425.49,427.29,421.21,423.01,48186
2026-02-11,ADBL,423.48,428.86,416.97,422.34,21840
2026-02-12,ADBL,420.03,421.07,419.85,420.88,68512
2026-02-13,ADBL,417.91,428.55,417.56,428.2,30320
2026-02-16,ADBL,427.62,429.57,417.62,419.57,30775
2026-02-17,ADBL,420.52,426.41,415.36,421.25,24610
2026-02-18,ADBL,420.63,429.61,407.56,416.55,65426
2026-02-19,ADBL,419.44,421.06,416.92,418.54,46975
2026-02-20,ADBL,418.32,419.74,416.37,417.79,34857
2026-02-23,ADBL,417.28,419.34,416.18,418.24,49937
2026-02-24,ADBL,416.44,420.31,409.97,413.85,18510
2026-02-25,ADBL,414.72,423.11,401.5,409.88,43594
2026-02-26,ADBL,410.91,416.28,406.55,411.92,33862
2026-02-27,ADBL,410.31,419.7,409.42,418.8,39981
2026-03-02,ADBL,417.52,419.27,412.27,414.02,56413
2026-03-03,ADBL,414.96,421.22,401.12,407.38,54758
2026-03-04,ADBL,406.04,415.47,402.42,411.85,31767
2026-03-05,ADBL,411.6,412.76,410.33,411.49,47105
2026-03-06,ADBL,410.65,424.89,403.29,417.53,12976
2026-03-09,ADBL,420.34,423.73,407.09,410.48,45966
2026-03-10,ADBL,410.28,414.6,392.92,397.24,18562
2026-03-11,ADBL,395.09,397.62,391.07,393.6,30330
2026-03-12,ADBL,393.8,397.7,384.52,388.42,29149
2026-03-13,ADBL,388.45,389.14,387.52,388.21,20090
2026-03-16,ADBL,388.13,390.54,381.7,384.1,20068
2026-03-17,ADBL,384.84,398.38,376.1,389.65,33125
2026-03-18,ADBL,392.52,398.01,382.45,387.94,33282
2026-03-19,ADBL,386.41,390.7,385.06,389.35,33245
2026-03-20,ADBL,389.63,391.55,388.86,390.77,44340
2026-03-23,ADBL,391.15,394.64,388.95,392.44,17563
2026-03-24,ADBL,391.59,396.22,387.9,392.54,30658
2026-03-25,ADBL,390.71,400.58,386.55,396.41,29306
2026-03-26,ADBL,395.94,399.66,387.2,390.92,47870
2026-03-27,ADBL,391.33,401.62,390.77,401.07,31663
2026-03-30,ADBL,398.59,402.12,395.92,399.46,29202
2026-03-31,ADBL,400.31,401.47,389.0,390.16,88944
2026-04-01,ADBL,392.47,394.0,390.25,391.79,24454
2026-04-02,ADBL,393.07,398.2,380.93,386.06,20992
2026-04-03,ADBL,385.98,392.27,384.78,391.07,52857
2026-04-06,ADBL,390.59,407.83,389.68,406.92,82574
2026-04-07,ADBL,408.26,408.66,400.74,401.14,31722
2026-04-08,ADBL,400.05,410.36,393.32,403.63,25122
2026-04-09,ADBL,402.92,408.88,384.97,390.93,94906
2026-04-10,ADBL,390.69,397.93,387.17,394.42,12234
2026-04-13,ADBL,394.58,394.65,388.28,388.36,73154
2026-04-14,ADBL,387.29,393.4,378.23,384.33,58730
2026-04-15,ADBL,385.98,388.87,374.24,377.13,48982
2026-04-16,ADBL,376.89,390.08,369.46,382.64,18152
2026-04-17,ADBL,384.14,390.82,383.35,390.03,43612
2026-04-20,ADBL,390.56,395.04,386.02,390.5,16663
2026-04-21,ADBL,390.74,400.43,375.03,384.73,31940
2026-04-22,ADBL,382.11,400.02,378.24,396.15,23368
2026-04-23,ADBL,397.2,397.96,390.23,390.99,40667
2026-04-24,ADBL,389.37,395.42,370.02,376.07,61613
2026-04-27,ADBL,377.11,379.91,376.93,379.73,27947
2026-04-28,ADBL,380.18,384.18,368.69,372.68,24157
2026-04-29,ADBL,372.32,379.98,372.28,379.93,48703
2026-04-30,ADBL,379.89,384.35,373.37,377.82,46036
2026-05-01,ADBL,379.86,382.59,379.73,382.46,57780
2026-05-04,ADBL,382.79,392.59,382.76,392.56,43364
2026-05-05,ADBL,389.69,391.24,382.73,384.28,30305
2026-05-06,ADBL,386.25,391.9,375.13,380.78,35013
2026-05-07,ADBL,382.15,382.89,380.01,380.75,46788
2026-05-08,ADBL,380.64,396.19,376.22,391.76,29699
2026-05-11,ADBL,390.68,397.44,380.64,387.4,32528
2026-05-12,ADBL,385.1,385.54,383.17,383.61,72475
2026-05-13,ADBL,383.67,387.74,383.28,387.35,46183
2026-05-14,ADBL,388.05,391.08,380.66,383.68,29136
2026-05-15,ADBL,384.56,388.62,381.11,385.16,88876
2026-05-18,ADBL,386.59,389.3,372.09,374.81,26572
2026-05-19,ADBL,377.04,396.57,370.81,390.33,124580
2026-05-20,ADBL,389.81,395.69,375.29,381.17,18164
2026-05-21,ADBL,378.6,383.48,374.56,379.43,34049
2026-05-22,ADBL,379.22,385.81,373.12,379.72,43538
2026-05-25,ADBL,379.1,398.7,373.69,393.29,123169
2026-05-26,ADBL,393.08,400.74,376.51,384.16,25680
2026-05-27,ADBL,383.63,401.07,380.85,398.3,18143
2026-05-28,ADBL,400.23,409.05,395.06,403.88,39867
2026-05-29,ADBL,401.89,412.09,396.75,406.95,38728
2026-06-01,ADBL,406.4,408.4,397.72,399.72,67048
2026-06-02,ADBL,401.93,406.92,398.96,403.96,20042
2026-06-03,ADBL,405.18,406.55,397.37,398.74,47517
2026-06-04,ADBL,399.41,414.22,393.16,407.97,110069
2026-06-05,ADBL,409.71,411.87,398.64,400.8,29908
2026-06-08,ADBL,402.26,402.32,400.03,400.09,95586
2026-06-09,ADBL,399.96,402.85,393.32,396.21,82983
2026-06-10,ADBL,393.95,402.49,380.83,389.36,54665
2026-06-11,ADBL,390.3,394.94,390.25,394.88,37746
2026-06-12,ADBL,393.59,401.18,391.32,398.91,51138
2026-06-15,ADBL,400.85,411.78,396.8,407.73,121556
2026-06-16,ADBL,408.17,409.14,393.67,394.63,14560
2026-06-17,ADBL,394.32,404.55,392.19,402.41,68199
2026-06-18,ADBL,403.7,423.2,401.12,420.63,36280
2026-06-19,ADBL,421.05,421.79,416.17,416.91,28718
2026-06-22,ADBL,414.06,432.75,412.21,430.9,31295
2026-06-23,ADBL,430.01,432.07,426.27,428.32,46635
2026-06-24,ADBL,428.72,431.47,414.52,417.26,65989
2026-06-25,ADBL,416.77,419.16,412.35,414.73,27509
2026-06-26,ADBL,415.69,423.7,414.36,422.38,84011
2026-06-29,ADBL,421.46,426.41,410.71,415.66,34159
2026-06-30,ADBL,417.43,420.19,408.21,410.97,63791
2026-07-01,ADBL,408.91,415.52,408.64,415.26,19943
2026-07-02,ADBL,415.82,416.96,413.95,415.09,18784
2026-07-03,ADBL,416.13,419.45,415.95,419.27,18201
2026-07-06,ADBL,418.63,425.43,413.98,420.78,77231
2026-07-07,ADBL,419.05,426.37,416.79,424.1,27587
2026-07-08,ADBL,423.44,423.84,420.02,420.42,31901
2026-07-09,ADBL,420.13,423.28,418.72,421.87,34903
2026-07-10,ADBL,422.53,429.62,407.41,414.49,34422
2026-07-13,ADBL,412.94,430.76,406.11,423.93,12271
2026-07-14,ADBL,424.52,427.11,416.12,418.71,19829
2026-07-15,ADBL,421.29,433.48,414.75,426.95,84835
2026-07-16,ADBL,426.17,436.73,414.14,424.71,98569
2026-07-17,ADBL,423.88,427.88,421.85,425.86,30648
2026-07-20,ADBL,422.95,427.68,416.91,421.64,68290
2026-07-21,ADBL,422.06,429.68,405.98,413.6,61817
2026-07-22,ADBL,412.07,417.88,394.64,400.45,75200
2026-07-23,ADBL,399.46,401.56,390.86,392.96,74708
2026-07-24,ADBL,393.38,398.1,386.21,390.92,21160
2026-07-27,ADBL,391.37,394.33,389.75,392.71,32430
2026-07-28,ADBL,390.3,403.87,386.55,400.11,14815
2026-07-29,ADBL,399.32,400.04,396.3,397.02,24928
2026-07-30,ADBL,397.05,403.96,383.98,390.89,35184
2026-07-31,ADBL,391.0,393.49,378.55,381.04,33538
2026-08-03,ADBL,379.04,389.33,374.51,384.81,50102
2026-08-04,ADBL,383.52,401.39,376.92,394.79,17542
2026-08-05,ADBL,394.69,407.17,391.53,404.01,36022
2026-08-06,ADBL,403.53,413.75,399.0,409.22,22969
2026-08-07,ADBL,407.6,415.44,406.01,413.85,80650
2026-08-10,ADBL,412.52,433.48,405.38,426.34,99341
2026-08-11,ADBL,424.1,430.32,422.23,428.45,41416
2026-08-12,ADBL,427.02,435.01,424.96,432.96,18816
2026-08-13,ADBL,432.52,444.42,417.97,429.87,11437
2026-08-14,ADBL,430.92,437.18,412.56,418.82,22928
2026-08-17,ADBL,419.95,423.81,409.54,413.4,31314
2026-08-18,ADBL,416.35,424.31,405.22,413.18,27990
2026-08-19,ADBL,415.29,421.47,407.3,413.48,19918
2026-08-20,ADBL,412.4,432.08,407.98,427.66,11848
2026-08-21,ADBL,428.34,430.16,426.01,427.82,27511
2026-08-24,ADBL,429.78,437.77,428.44,436.43,38711
2026-08-25,ADBL,437.66,441.31,428.71,432.35,40888
2026-08-26,ADBL,433.09,443.92,418.53,429.36,45940
2026-08-27,ADBL,430.89,430.97,418.5,418.58,24259
2026-08-28,ADBL,415.96,417.35,411.34,412.73,46362
2026-08-31,ADBL,411.09,424.64,402.95,416.5,23020
2026-09-01,ADBL,416.72,419.68,413.39,416.34,19190
2026-09-02,ADBL,417.75,424.98,415.97,423.19,50041
2026-09-03,ADBL,424.88,432.38,416.71,424.21,63730
2026-09-04,ADBL,424.84,428.34,417.64,421.13,41444
2026-09-07,ADBL,424.37,441.61,419.86,437.1,20499
2026-09-08,ADBL,436.95,441.65,430.98,435.68,33597
2026-09-09,ADBL,435.18,450.98,428.36,444.15,19963
2026-09-10,ADBL,442.2,444.25,438.06,440.1,27740
2026-09-11,ADBL,440.27,446.78,438.46,444.97,13782
2026-09-14,ADBL,445.61,458.06,439.09,451.54,22505
2026-09-15,ADBL,451.94,457.06,447.08,452.2,52263
2026-09-16,ADBL,451.64,457.74,425.9,431.99,25727
2026-09-17,ADBL,432.87,436.64,427.81,431.57,32454
2026-09-18,ADBL,431.21,446.71,425.08,440.58,37036
2026-09-21,ADBL,438.93,444.1,438.84,444.0,38046
2026-09-22,ADBL,444.79,452.96,438.55,446.72,36998
2026-09-23,ADBL,447.31,448.01,431.26,431.96,56946
2026-09-24,ADBL,431.39,433.98,423.21,425.8,44128
2025-09-26,CHCL,348.56,352.32,346.24,350.0,45654
2025-09-29,CHCL,351.65,355.13,345.23,348.71,34896
2025-09-30,CHCL,350.42,356.19,349.15,354.92,17569
2025-10-01,CHCL,352.98,354.52,349.36,350.9,68818
2025-10-02,CHCL,352.68,353.58,350.41,351.31,48768
2025-10-03,CHCL,353.32,357.56,342.37,346.61,92110
2025-10-06,CHCL,345.56,352.11,342.48,349.03,30224
2025-10-07,CHCL,348.05,348.56,347.29,347.8,100248
2025-10-08,CHCL,344.04,344.53,341.57,342.06,44516
2025-10-09,CHCL,341.96,351.75,340.74,350.53,29109
2025-10-10,CHCL,352.1,359.36,349.22,356.48,43037
2025-10-13,CHCL,356.42,357.62,351.38,352.58,36745
2025-10-14,CHCL,353.39,358.64,350.54,355.79,47859
2025-10-15,CHCL,357.58,364.75,352.04,359.22,24066
2025-10-16,CHCL,357.85,366.27,354.87,363.29,55136
2025-10-17,CHCL,361.8,363.62,350.23,352.05,42960
2025-10-20,CHCL,349.58,368.08,339.99,358.49,32646
2025-10-21,CHCL,357.96,358.25,354.45,354.75,14077
2025-10-22,CHCL,355.3,358.18,349.59,352.47,51486
2025-10-23,CHCL,354.1,369.32,354.04,369.26,46094
2025-10-24,CHCL,368.85,373.75,366.08,370.97,15650
2025-10-27,CHCL,372.62,373.02,367.66,368.06,54785
2025-10-28,CHCL,367.62,372.57,348.23,353.18,81443
2025-10-29,CHCL,355.26,362.76,354.56,362.06,35842
2025-10-30,CHCL,364.19,366.69,350.65,353.15,32336
2025-10-31,CHCL,354.97,355.73,346.06,346.81,33530
2025-11-03,CHCL,349.79,354.34,340.36,344.91,27395
2025-11-04,CHCL,346.51,354.47,345.95,353.91,25207
2025-11-05,CHCL,354.27,362.48,350.65,358.86,12383
2025-11-06,CHCL,359.22,360.25,356.74,357.77,30885
2025-11-07,CHCL,360.05,365.6,354.15,359.7,38643
2025-11-10,CHCL,359.33,364.42,350.63,355.72,21418
2025-11-11,CHCL,355.42,357.57,354.46,356.61,17914
2025-11-12,CHCL,355.72,362.3,350.47,357.05,12038
2025-11-13,CHCL,356.33,368.07,351.51,363.24,25217
2025-11-14,CHCL,365.77,375.92,359.25,369.4,16752
2025-11-17,CHCL,370.75,372.6,370.53,372.39,46771
2025-11-18,CHCL,369.85,370.07,369.37,369.59,22340
2025-11-19,CHCL,368.43,374.93,367.73,374.22,41028
2025-11-20,CHCL,375.67,378.21,370.65,373.2,17401
2025-11-21,CHCL,374.34,382.37,357.52,365.55,36278
2025-11-24,CHCL,369.01,372.96,358.73,362.68,15317
2025-11-25,CHCL,359.23,363.9,358.41,363.08,40765
2025-11-26,CHCL,363.02,370.21,361.67,368.86,24520
2025-11-27,CHCL,369.42,376.94,359.83,367.36,86964
2025-11-28,CHCL,368.01,370.13,356.99,359.11,14173
2025-12-01,CHCL,358.54,361.04,356.9,359.4,22983
2025-12-02,CHCL,358.83,362.78,356.09,360.04,45682
2025-12-03,CHCL,359.47,365.89,354.73,361.15,35423
2025-12-04,CHCL,363.75,371.04,359.71,367.01,21761
2025-12-05,CHCL,365.57,375.99,363.07,373.49,106840
2025-12-08,CHCL,372.09,374.13,367.07,369.11,70526
2025-12-09,CHCL,369.49,370.22,363.99,364.72,29534
2025-12-10,CHCL,365.22,367.9,355.02,357.7,26185
2025-12-11,CHCL,355.88,368.73,349.3,362.15,91280
2025-12-12,CHCL,362.58,371.86,362.17,371.45,59867
2025-12-15,CHCL,372.73,375.06,366.67,369.0,7154
2025-12-16,CHCL,367.63,370.28,364.46,367.1,17118
2025-12-17,CHCL,367.67,377.36,366.86,376.55,55359
2025-12-18,CHCL,375.54,380.43,374.63,379.52,45315
2025-12-19,CHCL,380.94,382.44,380.46,381.97,57882
2025-12-22,CHCL,380.6,380.71,373.08,373.2,24544
2025-12-23,CHCL,372.73,379.45,370.65,377.37,42652
2025-12-24,CHCL,377.3,379.95,367.94,370.59,36668
2025-12-25,CHCL,369.82,370.34,362.18,362.7,20842
2025-12-26,CHCL,361.69,368.01,353.95,360.28,48237
2025-12-29,CHCL,359.94,362.44,353.87,356.38,48043
2025-12-30,CHCL,354.84,356.78,352.99,354.93,66054
2025-12-31,CHCL,353.33,357.23,341.83,345.73,22152
2026-01-01,CHCL,345.53,356.08,341.34,351.89,9586
2026-01-02,CHCL,351.54,364.12,346.51,359.1,18073
2026-01-05,CHCL,359.14,360.58,345.0,346.43,87321
2026-01-06,CHCL,347.92,353.73,346.89,352.71,85584
2026-01-07,CHCL,353.11,358.1,342.63,347.61,11181
2026-01-08,CHCL,349.07,354.75,347.44,353.13,34591
2026-01-09,CHCL,354.34,360.5,346.58,352.73,51070
2026-01-12,CHCL,353.2,357.04,349.13,352.97,8138
2026-01-13,CHCL,354.66,356.41,350.08,351.84,22369
2026-01-14,CHCL,350.37,360.39,349.56,359.58,105910
2026-01-15,CHCL,358.31,364.22,345.56,351.47,39671
2026-01-16,CHCL,352.34,357.81,349.92,355.39,49306
2026-01-19,CHCL,355.86,365.38,352.92,362.43,211344
2026-01-20,CHCL,359.95,370.73,356.18,366.96,28685
2026-01-21,CHCL,364.77,388.06,358.78,382.07,19914
2026-01-22,CHCL,380.61,384.09,374.36,377.85,49559
2026-01-23,CHCL,377.57,385.81,375.63,383.87,62102
2026-01-26,CHCL,383.46,386.39,379.58,382.51,45227
2026-01-27,CHCL,378.86,397.98,371.28,390.4,44697
2026-01-28,CHCL,393.63,395.54,387.65,389.57,39928
2026-01-29,CHCL,389.26,392.43,382.92,386.08,43405
2026-01-30,CHCL,382.8,401.06,376.22,394.48,46544
2026-02-02,CHCL,394.92,403.25,381.77,390.1,97767
2026-02-03,CHCL,390.05,392.44,377.02,379.41,37053
2026-02-04,CHCL,377.63,385.96,367.03,375.35,18804
2026-02-05,CHCL,376.66,382.22,373.55,379.1,44109
2026-02-06,CHCL,378.86,391.29,375.66,388.09,74694
2026-02-09,CHCL,388.18,388.21,388.1,388.14,30965
2026-02-10,CHCL,387.48,399.33,384.77,396.62,65242
2026-02-11,CHCL,394.87,399.24,381.61,385.98,54855
2026-02-12,CHCL,385.28,385.62,381.89,382.22,61947
2026-02-13,CHCL,381.92,384.22,377.34,379.65,84081
2026-02-16,CHCL,382.04,387.86,372.51,378.34,30660
2026-02-17,CHCL,376.9,383.07,372.24,378.41,21075
2026-02-18,CHCL,380.94,391.61,371.95,382.62,21625
2026-02-19,CHCL,381.22,381.7,378.47,378.95,55110
2026-02-20,CHCL,376.98,380.81,375.55,379.39,47334
2026-02-23,CHCL,378.12,383.99,372.69,378.56,10258
2026-02-24,CHCL,378.83,384.12,366.45,371.74,11173
2026-02-25,CHCL,371.74,377.23,365.14,370.63,26208
2026-02-26,CHCL,373.35,380.71,361.99,369.35,21574
2026-02-27,CHCL,370.46,372.51,365.9,367.95,25374
2026-03-02,CHCL,367.94,373.44,362.4,367.9,32738
2026-03-03,CHCL,368.55,370.15,366.53,368.13,23145
2026-03-04,CHCL,368.29,372.5,360.79,365.0,45779
2026-03-05,CHCL,366.35,377.55,361.96,373.16,12552
2026-03-06,CHCL,372.77,374.88,362.81,364.92,24791
2026-03-09,CHCL,367.65,369.68,357.95,359.98,21795
2026-03-10,CHCL,360.61,387.12,351.39,377.9,38377
2026-03-11,CHCL,381.72,383.49,368.58,370.35,20007
2026-03-12,CHCL,369.23,373.27,356.96,361.0,37022
2026-03-13,CHCL,361.04,371.97,354.73,365.66,100320
2026-03-16,CHCL,365.23,365.76,351.24,351.77,25061
2026-03-17,CHCL,350.61,353.75,347.2,350.35,109956
2026-03-18,CHCL,350.71,371.02,343.67,363.98,36065
2026-03-19,CHCL,365.57,369.22,350.03,353.68,22390
2026-03-20,CHCL,351.81,353.6,339.29,341.09,46417
2026-03-23,CHCL,339.25,341.46,329.95,332.16,27636
2026-03-24,CHCL,330.97,342.52,326.41,337.97,50544
2026-03-25,CHCL,337.56,347.68,335.03,345.15,13678
2026-03-26,CHCL,345.09,345.73,341.52,342.16,23449
2026-03-27,CHCL,342.41,347.28,341.75,346.63,22271
2026-03-30,CHCL,349.13,360.72,343.88,355.47,24835
2026-03-31,CHCL,356.91,367.26,356.55,366.9,301773
2026-04-01,CHCL,367.56,372.11,360.49,365.03,23753
2026-04-02,CHCL,363.98,365.86,347.82,349.71,18483
2026-04-03,CHCL,347.64,347.79,344.51,344.65,64092
2026-04-06,CHCL,345.23,345.42,342.02,342.21,27454
2026-04-07,CHCL,342.6,343.86,339.62,340.87,18062
2026-04-08,CHCL,339.7,341.21,338.48,340.0,21282
2026-04-09,CHCL,341.82,354.47,334.5,347.14,24054
2026-04-10,CHCL,348.63,359.4,344.49,355.27,16787
2026-04-13,CHCL,358.9,362.76,350.31,354.17,103834
2026-04-14,CHCL,354.53,361.31,354.42,361.19,24871
2026-04-15,CHCL,360.16,364.97,358.59,363.4,10727
2026-04-16,CHCL,363.43,368.45,358.62,363.65,18423
2026-04-17,CHCL,362.08,369.66,361.84,369.41,22710
2026-04-20,CHCL,369.77,372.93,366.44,369.59,36105
2026-04-21,CHCL,370.3,386.34,366.93,382.98,86503
2026-04-22,CHCL,382.32,384.03,370.74,372.45,16636
2026-04-23,CHCL,373.89,375.47,367.05,368.63,79220
2026-04-24,CHCL,365.99,371.04,362.46,367.51,69555
2026-04-27,CHCL,368.83,376.97,362.03,370.16,29124
2026-04-28,CHCL,368.19,380.95,365.53,378.29,73328
2026-04-29,CHCL,377.28,383.16,371.75,377.63,19953
2026-04-30,CHCL,377.77,384.22,361.03,367.48,107328
2026-05-01,CHCL,367.62,382.74,357.68,372.8,70969
2026-05-04,CHCL,373.54,378.36,372.66,377.49,29575
2026-05-05,CHCL,378.3,379.01,363.1,363.81,25666
2026-05-06,CHCL,363.73,364.01,363.33,363.61,59625
2026-05-07,CHCL,363.54,367.3,349.27,353.03,114371
2026-05-08,CHCL,354.94,359.0,344.79,348.85,36851
2026-05-11,CHCL,350.25,351.35,342.21,343.31,92610
2026-05-12,CHCL,341.5,355.35,334.7,348.54,79671
2026-05-13,CHCL,347.61,350.38,346.64,349.41,17111
2026-05-14,CHCL,347.45,349.35,339.55,341.44,127345
2026-05-15,CHCL,341.36,347.2,341.29,347.12,51681
2026-05-18,CHCL,348.43,351.69,335.07,338.32,69159
2026-05-19,CHCL,337.92,342.81,335.77,340.66,57608
2026-05-20,CHCL,340.65,342.43,334.18,335.95,46131
2026-05-21,CHCL,333.56,336.74,330.94,334.11,55761
2026-05-22,CHCL,335.06,338.34,334.27,337.55,57881
2026-05-25,CHCL,339.38,346.54,333.89,341.06,81466
2026-05-26,CHCL,341.46,354.59,336.41,349.54,37023
2026-05-27,CHCL,350.57,353.61,346.09,349.14,30168
2026-05-28,CHCL,349.09,352.61,347.67,351.19,21755
2026-05-29,CHCL,351.26,355.76,344.0,348.5,124147
2026-06-01,CHCL,347.73,355.46,342.04,349.78,37033
2026-06-02,CHCL,350.34,356.66,346.33,352.65,43751
2026-06-03,CHCL,351.02,356.05,347.05,352.08,44068
2026-06-04,CHCL,351.33,355.98,336.07,340.71,49047
2026-06-05,CHCL,342.9,346.4,339.53,343.03,75687
2026-06-08,CHCL,341.75,350.95,336.32,345.52,9214
2026-06-09,CHCL,346.58,349.25,338.81,341.48,28329
2026-06-10,CHCL,339.4,340.94,332.32,333.86,58617
2026-06-11,CHCL,333.87,345.04,331.97,343.13,34347
2026-06-12,CHCL,341.55,350.81,337.15,346.41,64904
2026-06-15,CHCL,347.86,349.24,343.78,345.15,44125
2026-06-16,CHCL,342.77,343.25,337.8,338.29,30877
2026-06-17,CHCL,340.93,341.02,333.52,333.61,54839
2026-06-18,CHCL,334.41,347.1,329.16,341.85,23699
2026-06-19,CHCL,342.17,343.36,341.77,342.96,20671
2026-06-22,CHCL,342.67,343.98,338.49,339.8,95165
2026-06-23,CHCL,341.44,350.36,334.3,343.22,20700
2026-06-24,CHCL,344.84,349.48,333.78,338.42,56338
2026-06-25,CHCL,339.5,352.25,335.14,347.89,124979
2026-06-26,CHCL,347.67,358.5,345.68,356.51,44611
2026-06-29,CHCL,355.39,359.79,349.09,353.49,24559
2026-06-30,CHCL,350.51,351.59,348.44,349.52,39452
2026-07-01,CHCL,349.6,355.88,326.88,333.16,61033
2026-07-02,CHCL,335.4,336.95,323.15,324.7,15118
2026-07-03,CHCL,325.58,329.36,313.66,317.44,12969
2026-07-06,CHCL,317.36,327.54,308.71,318.9,21450
2026-07-07,CHCL,318.62,323.09,313.22,317.69,33642
2026-07-08,CHCL,317.31,317.63,310.36,310.67,53100
2026-07-09,CHCL,308.27,311.1,307.07,309.89,33202
2026-07-10,CHCL,310.33,320.94,302.91,313.52,20179
2026-07-13,CHCL,315.16,317.76,314.65,317.24,20552
2026-07-14,CHCL,316.69,319.95,303.82,307.08,103976
2026-07-15,CHCL,306.05,308.34,304.93,307.22,54849
2026-07-16,CHCL,306.19,307.49,299.1,300.41,27263
2026-07-17,CHCL,302.03,306.37,301.89,306.23,11379
2026-07-20,CHCL,307.0,311.48,306.92,311.41,40784
2026-07-21,CHCL,311.32,315.34,303.13,307.16,32508
2026-07-22,CHCL,307.28,309.08,301.97,303.77,28731
2026-07-23,CHCL,302.97,304.53,300.58,302.14,25167
2026-07-24,CHCL,303.77,305.31,289.27,290.8,5257
2026-07-27,CHCL,290.84,294.79,289.68,293.63,13246
2026-07-28,CHCL,294.19,295.1,292.32,293.22,51729
2026-07-29,CHCL,294.83,307.32,286.89,299.38,23326
2026-07-30,CHCL,300.27,302.29,292.4,294.42,21460
2026-07-31,CHCL,293.97,295.9,290.23,292.16,10479
2026-08-03,CHCL,291.26,294.59,281.96,285.29,21748
2026-08-04,CHCL,285.6,286.74,280.14,281.28,35088
2026-08-05,CHCL,279.77,281.28,274.97,276.48,23261
2026-08-06,CHCL,278.58,283.01,278.25,282.68,33918
2026-08-07,CHCL,282.73,285.77,277.26,280.3,27168
2026-08-10,CHCL,280.11,282.82,279.42,282.13,52166
2026-08-11,CHCL,282.53,286.4,277.51,281.37,74031
2026-08-12,CHCL,280.91,283.57,273.47,276.13,23515
2026-08-13,CHCL,275.74,277.41,274.87,276.54,56267
2026-08-14,CHCL,276.59,283.38,273.98,280.77,54836
2026-08-17,CHCL,283.15,288.85,270.16,275.86,30641
2026-08-18,CHCL,276.04,286.82,270.34,281.13,37051
2026-08-19,CHCL,282.24,282.47,277.79,278.02,56866
2026-08-20,CHCL,278.52,279.35,276.01,276.83,34111
2026-08-21,CHCL,275.19,285.7,270.21,280.72,39489
2026-08-24,CHCL,281.63,281.81,278.38,278.56,21887
2026-08-25,CHCL,278.73,284.85,273.85,279.97,42990
2026-08-26,CHCL,278.55,283.75,274.38,279.59,72606
2026-08-27,CHCL,279.16,288.11,272.5,281.45,16737
2026-08-28,CHCL,281.46,282.56,269.47,270.57,50933
2026-08-31,CHCL,272.26,273.81,261.42,262.97,18606
2026-09-01,CHCL,264.13,271.92,259.49,267.27,9276
2026-09-02,CHCL,270.61,274.16,270.05,273.61,36054
2026-09-03,CHCL,273.54,276.57,267.37,270.4,35225
2026-09-04,CHCL,271.12,271.55,270.09,270.52,19468
2026-09-07,CHCL,270.79,277.88,266.18,273.27,56166
2026-09-08,CHCL,274.67,279.7,272.93,277.96,31125
2026-09-09,CHCL,276.92,277.67,268.29,269.04,19967
2026-09-10,CHCL,268.56,270.39,264.24,266.07,21757
2026-09-11,CHCL,266.82,268.53,264.13,265.84,24898
2026-09-14,CHCL,265.85,270.88,265.53,270.56,11494
2026-09-15,CHCL,270.92,288.22,266.75,284.04,23336
2026-09-16,CHCL,285.14,288.14,281.03,284.03,55910
2026-09-17,CHCL,283.93,288.99,272.93,277.99,53601
2026-09-18,CHCL,280.72,282.87,279.07,281.23,119393
2026-09-21,CHCL,281.66,289.14,281.63,289.11,82090
2026-09-22,CHCL,288.35,291.19,287.92,290.76,61352
2026-09-23,CHCL,290.97,291.2,286.86,287.09,22014
2026-09-24,CHCL,287.36,298.19,282.32,293.16,62503
2025-09-26,HBL,650.02,650.34,649.68,650.0,24435
2025-09-29,HBL,651.09,655.63,644.03,648.56,48786
2025-09-30,HBL,642.98,646.92,639.59,643.53,70143
2025-10-01,HBL,641.31,646.94,638.23,643.86,55054
2025-10-02,HBL,646.59,653.69,644.04,651.14,52585
2025-10-03,HBL,647.58,651.92,630.05,634.39,75144
2025-10-06,HBL,633.45,635.04,607.08,608.67,39578
2025-10-07,HBL,609.66,620.38,592.87,603.59,19582
2025-10-08,HBL,599.91,607.91,583.37,591.37,70799
2025-10-09,HBL,595.0,598.69,583.51,587.21,26331
2025-10-10,HBL,584.58,596.98,574.56,586.95,76228
2025-10-13,HBL,585.67,586.58,582.57,583.48,39975
2025-10-14,HBL,586.09,603.12,583.08,600.1,86603
2025-10-15,HBL,596.92,606.91,594.75,604.74,28336
2025-10-16,HBL,602.4,610.62,600.82,609.03,20449
2025-10-17,HBL,608.91,618.92,606.79,616.8,37037
2025-10-20,HBL,616.23,620.82,600.38,604.97,20857
2025-10-21,HBL,607.48,622.8,601.98,617.31,11995
2025-10-22,HBL,613.61,623.01,607.88,617.27,24587
2025-10-23,HBL,613.69,626.05,613.17,625.53,20887
2025-10-24,HBL,626.05,632.21,607.95,614.12,37858
2025-10-27,HBL,614.55,618.87,593.49,597.81,26160
2025-10-28,HBL,601.81,609.4,600.16,607.75,81168
2025-10-29,HBL,609.76,620.8,601.8,612.84,59091
2025-10-30,HBL,614.84,621.78,596.84,603.77,91377
2025-10-31,HBL,601.55,608.24,588.68,595.36,66876
2025-11-03,HBL,596.67,610.25,595.02,608.6,44549
2025-11-04,HBL,605.37,607.7,594.2,596.53,68076
2025-11-05,HBL,595.98,622.52,588.78,615.33,35380
2025-11-06,HBL,616.59,625.87,596.91,606.19,51186
2025-11-07,HBL,608.92,614.54,608.54,614.16,29719
2025-11-10,HBL,611.65,615.1,607.93,611.39,35805
2025-11-11,HBL,611.94,620.01,610.86,618.93,29093
2025-11-12,HBL,620.98,621.78,612.84,613.65,27943
2025-11-13,HBL,617.94,627.79,602.88,612.72,83189
2025-11-14,HBL,614.41,622.35,606.12,614.06,26855
2025-11-17,HBL,614.78,616.37,602.25,603.84,31550
2025-11-18,HBL,602.18,617.74,597.37,612.94,20958
2025-11-19,HBL,612.77,617.83,603.1,608.16,23636
2025-11-20,HBL,611.77,615.91,602.48,606.62,25641
2025-11-21,HBL,607.83,609.26,595.32,596.75,48204
2025-11-24,HBL,598.53,598.96,569.95,570.39,48501
2025-11-25,HBL,572.37,579.42,562.94,569.99,61844
2025-11-26,HBL,570.08,600.87,565.53,596.32,54720
2025-11-27,HBL,598.88,607.18,597.61,605.91,149989
2025-11-28,HBL,602.56,611.47,597.79,606.7,43577
2025-12-01,HBL,606.14,610.5,600.46,604.82,86851
2025-12-02,HBL,606.5,614.61,597.97,606.09,25247
2025-12-03,HBL,610.92,623.6,600.38,613.06,22925
2025-12-04,HBL,615.16,618.47,597.6,600.91,28788
2025-12-05,HBL,600.97,614.33,600.69,614.05,11478
2025-12-08,HBL,612.35,622.9,612.27,622.82,27014
2025-12-09,HBL,619.69,640.69,610.57,631.58,59155
2025-12-10,HBL,630.87,638.89,629.09,637.11,58350
2025-12-11,HBL,638.56,640.73,635.61,637.78,64919
2025-12-12,HBL,636.22,648.07,634.08,645.93,18937
2025-12-15,HBL,653.55,658.94,647.7,653.09,76634
2025-12-16,HBL,649.63,658.4,640.29,649.06,48490
2025-12-17,HBL,650.49,654.0,639.06,642.57,31164
2025-12-18,HBL,643.42,644.9,642.61,644.09,38236
2025-12-19,HBL,643.5,677.06,628.8,662.36,21788
2025-12-22,HBL,670.27,671.4,646.4,647.53,45274
2025-12-23,HBL,649.92,651.9,628.69,630.67,48514
2025-12-24,HBL,632.2,635.77,629.54,633.11,124732
2025-12-25,HBL,634.31,641.48,627.03,634.21,20830
2025-12-26,HBL,631.88,640.22,628.34,636.68,28270
2025-12-29,HBL,639.17,641.82,637.28,639.93,63011
2025-12-30,HBL,640.07,648.02,629.81,637.75,23724
2025-12-31,HBL,637.2,663.53,628.95,655.28,30179
2026-01-01,HBL,656.42,671.87,621.05,636.49,15889
2026-01-02,HBL,639.09,642.64,623.91,627.46,127142
2026-01-05,HBL,622.74,636.86,612.79,626.91,111589
2026-01-06,HBL,624.74,627.11,606.63,609.0,50049
2026-01-07,HBL,609.01,625.04,592.0,608.03,44209
2026-01-08,HBL,605.56,632.98,599.76,627.18,38231
2026-01-09,HBL,627.82,633.85,622.01,628.04,21221
2026-01-12,HBL,625.54,633.84,622.96,631.26,53673
2026-01-13,HBL,630.67,635.97,612.2,617.5,37158
2026-01-14,HBL,616.76,625.62,602.59,611.45,35237
2026-01-15,HBL,608.73,624.67,592.29,608.23,87422
2026-01-16,HBL,608.91,614.95,599.68,605.71,104315
2026-01-19,HBL,606.66,623.01,604.35,620.7,35176
2026-01-20,HBL,623.42,635.35,615.74,627.67,24949
2026-01-21,HBL,627.16,635.29,607.61,615.73,22470
2026-01-22,HBL,618.78,619.69,618.39,619.3,27601
2026-01-23,HBL,619.44,625.89,619.18,625.63,60418
2026-01-26,HBL,624.11,653.48,609.75,639.12,41223
2026-01-27,HBL,637.86,665.6,629.97,657.71,11778
2026-01-28,HBL,656.04,660.04,641.73,645.73,17786
2026-01-29,HBL,645.26,649.23,632.61,636.59,25264
2026-01-30,HBL,638.87,652.6,608.9,622.63,78035
2026-02-02,HBL,619.8,624.76,615.75,620.72,32180
2026-02-03,HBL,622.21,626.72,622.17,626.68,54230
2026-02-04,HBL,626.88,643.14,622.19,638.45,47780
2026-02-05,HBL,640.25,649.54,628.71,638.0,58304
2026-02-06,HBL,641.6,642.13,634.22,634.75,46437
2026-02-09,HBL,638.31,643.8,631.49,636.97,55201
2026-02-10,HBL,635.75,638.53,625.06,627.84,43388
2026-02-11,HBL,628.34,655.09,625.32,652.07,43773
2026-02-12,HBL,654.87,665.64,622.59,633.36,40716
2026-02-13,HBL,630.74,641.97,624.76,635.98,46108
2026-02-16,HBL,635.42,671.54,623.49,659.61,21838
2026-02-17,HBL,656.73,663.99,652.43,659.69,22677
2026-02-18,HBL,655.98,659.87,653.55,657.44,36657
2026-02-19,HBL,655.05,660.94,647.36,653.25,90361
2026-02-20,HBL,655.95,659.27,647.94,651.26,24472
2026-02-23,HBL,648.42,673.23,642.72,667.53,61954
2026-02-24,HBL,669.0,670.11,639.69,640.79,17937
2026-02-25,HBL,642.32,664.75,636.42,658.85,20557
2026-02-26,HBL,655.25,658.22,639.01,641.98,60409
2026-02-27,HBL,643.4,651.28,631.37,639.25,52858
2026-03-02,HBL,640.74,645.16,630.29,634.72,42457
2026-03-03,HBL,632.16,645.39,628.7,641.93,11186
2026-03-04,HBL,637.91,640.09,621.63,623.82,38453
2026-03-05,HBL,625.51,631.35,623.85,629.7,30296
2026-03-06,HBL,631.54,655.37,629.39,653.22,44401
2026-03-09,HBL,654.45,656.46,635.31,637.32,14452
2026-03-10,HBL,638.89,644.78,634.04,639.94,19731
2026-03-11,HBL,639.84,641.38,631.16,632.71,33500
2026-03-12,HBL,636.33,640.21,634.2,638.08,69498
2026-03-13,HBL,639.67,648.05,630.35,638.73,80608
2026-03-16,HBL,641.52,643.96,629.32,631.77,121462
2026-03-17,HBL,632.4,644.39,625.87,637.86,67985
2026-03-18,HBL,637.92,659.96,636.96,659.0,29411
2026-03-19,HBL,656.85,667.11,646.49,656.75,91073
2026-03-20,HBL,653.08,668.65,649.75,665.32,45278
2026-03-23,HBL,666.99,680.63,636.08,649.72,61767
2026-03-24,HBL,650.04,653.83,634.95,638.74,117300
2026-03-25,HBL,636.03,647.84,632.77,644.58,88344
2026-03-26,HBL,644.59,675.1,631.6,662.1,66627
2026-03-27,HBL,660.13,675.23,651.2,666.29,27141
2026-03-30,HBL,670.78,678.94,654.25,662.4,50905
2026-03-31,HBL,667.67,673.49,656.51,662.34,26407
2026-04-01,HBL,663.25,665.42,645.21,647.38,92272
2026-04-02,HBL,648.45,660.26,642.86,654.67,47952
2026-04-03,HBL,656.13,665.46,655.84,665.17,7960
2026-04-06,HBL,665.81,667.77,657.69,659.65,18203
2026-04-07,HBL,659.11,661.63,651.54,654.07,104118
2026-04-08,HBL,652.85,667.65,642.51,657.31,33173
2026-04-09,HBL,656.12,656.61,651.71,652.19,40823
2026-04-10,HBL,649.24,656.51,644.3,651.57,52766
2026-04-13,HBL,649.47,680.62,645.22,676.36,62144
2026-04-14,HBL,677.04,681.3,668.76,673.01,59409
2026-04-15,HBL,674.23,674.46,668.17,668.39,26639
2026-04-16,HBL,667.84,669.14,659.13,660.42,23203
2026-04-17,HBL,656.33,670.44,655.15,669.26,27046
2026-04-20,HBL,668.57,670.47,664.98,666.88,31416
2026-04-21,HBL,668.16,668.56,658.53,658.94,61372
2026-04-22,HBL,655.76,679.01,651.38,674.62,19433
2026-04-23,HBL,673.67,694.92,670.31,691.55,22879
2026-04-24,HBL,690.29,699.15,674.55,683.4,40491
2026-04-27,HBL,681.88,685.81,656.02,659.94,28344
2026-04-28,HBL,659.86,678.14,653.64,671.91,21827
2026-04-29,HBL,667.11,670.91,659.58,663.38,29267
2026-04-30,HBL,663.87,674.77,661.84,672.74,182740
2026-05-01,HBL,670.04,672.31,646.35,648.62,34293
2026-05-04,HBL,648.41,670.97,636.7,659.26,22030
2026-05-05,HBL,657.81,663.72,639.0,644.9,33858
2026-05-06,HBL,649.38,657.83,645.23,653.68,29949
2026-05-07,HBL,655.81,667.79,641.98,653.97,48496
2026-05-08,HBL,655.0,657.37,640.48,642.85,11423
2026-05-11,HBL,645.03,646.81,636.7,638.48,35265
2026-05-12,HBL,638.34,655.87,629.26,646.78,100958
2026-05-13,HBL,646.62,656.36,638.54,648.27,64271
2026-05-14,HBL,643.86,657.72,641.45,655.32,20854
2026-05-15,HBL,654.6,689.33,644.0,678.73,31381
2026-05-18,HBL,683.9,685.87,657.24,659.22,96333
2026-05-19,HBL,658.8,693.47,643.75,678.42,43363
2026-05-20,HBL,682.43,692.73,669.0,679.3,18021
2026-05-21,HBL,676.32,677.77,666.46,667.91,25506
2026-05-22,HBL,666.28,671.74,646.29,651.74,26279
2026-05-25,HBL,653.92,657.48,646.12,649.69,18715
2026-05-26,HBL,652.85,662.12,651.39,660.67,26691
2026-05-27,HBL,660.06,664.79,654.4,659.13,73705
2026-05-28,HBL,657.73,678.39,656.42,677.07,48548
2026-05-29,HBL,678.92,686.18,651.76,659.03,46405
2026-06-01,HBL,656.81,660.92,654.79,658.9,21332
2026-06-02,HBL,662.14,665.58,640.62,644.06,24775
2026-06-03,HBL,638.68,651.56,635.71,648.59,25571
2026-06-04,HBL,646.23,659.37,646.02,659.16,20704
2026-06-05,HBL,659.93,664.3,649.81,654.18,32454
2026-06-08,HBL,648.63,662.59,609.67,623.63,25232
2026-06-09,HBL,616.78,629.42,613.91,626.56,26907
2026-06-10,HBL,630.04,635.45,626.71,632.12,28824
2026-06-11,HBL,632.48,639.7,630.04,637.26,10113
2026-06-12,HBL,637.81,656.88,632.8,651.88,49264
2026-06-15,HBL,646.44,671.55,614.36,639.47,102213
2026-06-16,HBL,640.2,649.56,638.34,647.69,35337
2026-06-17,HBL,646.22,664.65,643.41,661.84,44254
2026-06-18,HBL,663.82,673.54,630.89,640.61,28290
2026-06-19,HBL,639.45,651.96,632.17,644.67,77210
2026-06-22,HBL,645.59,649.02,635.7,639.12,23421
2026-06-23,HBL,640.87,645.71,633.75,638.59,110102
2026-06-24,HBL,640.29,644.13,639.17,643.0,38516
2026-06-25,HBL,641.15,649.41,629.43,637.69,56783
2026-06-26,HBL,637.53,638.75,629.14,630.37,38370
2026-06-29,HBL,630.07,632.92,628.48,631.32,41308
2026-06-30,HBL,633.81,643.59,609.75,619.52,61174
2026-07-01,HBL,617.32,620.09,605.41,608.18,64420
2026-07-02,HBL,611.76,621.98,606.36,616.58,25276
2026-07-03,HBL,612.54,613.93,603.26,604.65,28696
2026-07-06,HBL,603.52,619.04,597.42,612.93,53331
2026-07-07,HBL,613.72,620.09,612.54,618.92,18240
2026-07-08,HBL,611.51,612.02,599.95,600.47,32463
2026-07-09,HBL,603.36,613.05,584.55,594.24,57898
2026-07-10,HBL,597.85,611.05,595.02,608.21,20550
2026-07-13,HBL,610.48,620.93,587.98,598.43,31510
2026-07-14,HBL,595.78,602.54,587.81,594.56,22143
2026-07-15,HBL,593.3,604.35,589.64,600.7,19265
2026-07-16,HBL,600.07,617.72,592.61,610.26,44869
2026-07-17,HBL,605.81,611.89,602.34,608.42,42703
2026-07-20,HBL,608.26,619.79,591.31,602.84,15978
2026-07-21,HBL,605.04,631.64,592.73,619.33,38694
2026-07-22,HBL,617.23,647.57,609.15,639.49,50316
2026-07-23,HBL,640.16,652.45,638.86,651.15,77917
2026-07-24,HBL,651.9,657.1,647.13,652.33,13454
2026-07-27,HBL,652.0,658.18,636.81,642.98,38408
2026-07-28,HBL,649.19,656.35,626.54,633.7,90204
2026-07-29,HBL,633.89,644.03,630.03,640.17,31973
2026-07-30,HBL,640.37,651.52,634.23,645.38,42389
2026-07-31,HBL,646.24,670.17,638.02,661.95,33085
2026-08-03,HBL,659.67,682.43,646.89,669.65,28334
2026-08-04,HBL,671.14,683.44,639.04,651.33,16296
2026-08-05,HBL,647.3,667.06,644.07,663.83,69537
2026-08-06,HBL,663.58,666.65,648.75,651.82,80456
2026-08-07,HBL,648.18,656.51,639.14,647.48,25587
2026-08-10,HBL,643.54,657.39,636.79,650.64,6638
2026-08-11,HBL,652.07,677.23,649.03,674.19,74619
2026-08-12,HBL,673.08,714.93,669.79,711.63,72572
2026-08-13,HBL,710.53,731.7,697.1,718.27,40711
2026-08-14,HBL,716.8,720.01,711.4,714.61,37073
2026-08-17,HBL,712.72,738.2,694.8,720.28,47672
2026-08-18,HBL,720.45,737.62,713.27,730.44,47482
2026-08-19,HBL,730.94,733.42,722.16,724.64,20381
2026-08-20,HBL,726.41,748.15,724.86,746.61,39902
2026-08-21,HBL,747.28,752.09,742.89,747.7,55757
2026-08-24,HBL,751.17,767.8,735.75,752.38,29680
2026-08-25,HBL,755.98,762.48,752.75,759.25,15946
2026-08-26,HBL,758.38,768.1,752.97,762.69,22691
2026-08-27,HBL,760.08,785.18,746.69,771.79,26021
2026-08-28,HBL,768.08,769.63,759.0,760.56,28640
2026-08-31,HBL,759.54,761.93,748.17,750.55,34336
2026-09-01,HBL,746.01,749.89,729.71,733.59,44044
2026-09-02,HBL,733.65,750.68,720.7,737.73,41571
2026-09-03,HBL,733.98,751.47,728.81,746.3,100862
2026-09-04,HBL,751.18,752.69,748.95,750.47,23392
2026-09-07,HBL,752.79,785.01,738.78,770.99,50605
2026-09-08,HBL,770.22,772.02,766.48,768.27,74631
2026-09-09,HBL,762.23,776.04,761.14,774.96,18577
2026-09-10,HBL,775.92,777.32,755.57,756.98,35103
2026-09-11,HBL,751.07,760.21,740.31,749.44,39582
2026-09-14,HBL,751.72,770.51,737.96,756.76,34314
2026-09-15,HBL,754.14,769.28,750.93,766.06,78251
2026-09-16,HBL,767.85,775.76,751.59,759.5,33600
2026-09-17,HBL,757.36,761.74,751.81,756.19,60677
2026-09-18,HBL,759.43,771.53,721.19,733.29,23440
2026-09-21,HBL,729.5,732.12,724.29,726.92,51196
2026-09-22,HBL,721.48,740.39,718.16,737.07,18086
2026-09-23,HBL,736.18,745.05,734.08,742.94,17576
2026-09-24,HBL,743.69,750.65,740.78,747.74,32319
2025-09-26,NABIL,896.66,906.97,889.69,900.0,35041
2025-09-29,NABIL,896.31,937.76,866.87,908.32,31208
2025-09-30,NABIL,914.25,925.55,894.85,906.16,15396
2025-10-01,NABIL,906.63,920.91,902.6,916.87,86229
2025-10-02,NABIL,921.14,955.46,907.61,941.94,36539
2025-10-03,NABIL,943.68,952.88,928.17,937.37,40922
2025-10-06,NABIL,937.64,943.24,927.33,932.93,28819
2025-10-07,NABIL,935.4,960.13,934.31,959.04,94052
2025-10-08,NABIL,967.23,983.34,955.2,971.32,11257
2025-10-09,NABIL,973.61,975.07,960.4,961.86,42984
2025-10-10,NABIL,961.06,976.27,955.02,970.22,27016
2025-10-13,NABIL,973.52,979.18,955.24,960.91,44990
2025-10-14,NABIL,964.37,970.96,945.24,951.84,43668
2025-10-15,NABIL,954.24,962.94,946.47,955.17,22083
2025-10-16,NABIL,958.03,963.19,916.23,921.4,52376
2025-10-17,NABIL,921.83,922.01,892.44,892.63,78166
2025-10-20,NABIL,894.58,899.81,878.78,884.01,32166
2025-10-21,NABIL,887.89,889.78,866.58,868.47,59590
2025-10-22,NABIL,873.0,881.36,865.89,874.25,36776
2025-10-23,NABIL,873.16,879.03,854.85,860.72,44112
2025-10-24,NABIL,861.06,862.15,838.76,839.85,51901
2025-10-27,NABIL,846.88,870.45,839.82,863.38,19858
2025-10-28,NABIL,867.38,877.83,850.38,860.84,58395
2025-10-29,NABIL,863.0,868.38,857.5,862.89,36049
2025-10-30,NABIL,863.15,870.7,834.18,841.73,24190
2025-10-31,NABIL,841.24,849.38,826.68,834.83,22130
2025-11-03,NABIL,836.2,840.64,833.51,837.95,25893
2025-11-04,NABIL,838.77,845.53,815.24,822.0,42065
2025-11-05,NABIL,820.45,833.43,816.25,829.23,41740
2025-11-06,NABIL,824.56,836.46,809.92,821.82,23598
2025-11-07,NABIL,822.84,824.59,817.43,819.18,88010
2025-11-10,NABIL,818.65,825.62,805.06,812.02,35903
2025-11-11,NABIL,811.96,849.36,803.53,840.92,30540
2025-11-12,NABIL,838.14,844.79,835.42,842.08,49593
2025-11-13,NABIL,841.71,854.39,814.7,827.38,46213
2025-11-14,NABIL,826.05,847.02,820.25,841.21,41541
2025-11-17,NABIL,841.54,841.65,823.98,824.08,22838
2025-11-18,NABIL,825.72,829.02,825.52,828.82,86741
2025-11-19,NABIL,835.95,843.64,793.45,801.14,22916
2025-11-20,NABIL,801.73,808.57,777.15,783.99,135115
2025-11-21,NABIL,781.35,795.4,774.98,789.02,25345
2025-11-24,NABIL,787.36,818.72,770.34,801.69,23029
2025-11-25,NABIL,802.79,807.37,801.58,806.16,111938
2025-11-26,NABIL,804.3,814.07,796.63,806.4,21182
2025-11-27,NABIL,802.14,807.91,798.19,803.95,108975
2025-11-28,NABIL,802.44,811.69,775.26,784.51,12992
2025-12-01,NABIL,784.15,794.67,766.08,776.6,76319
2025-12-02,NABIL,774.73,787.05,760.2,772.52,36429
2025-12-03,NABIL,771.13,790.01,770.76,789.64,52770
2025-12-04,NABIL,789.19,805.2,780.68,796.7,39033
2025-12-05,NABIL,798.96,802.94,769.5,773.48,18494
2025-12-08,NABIL,777.43,792.37,765.46,780.4,44328
2025-12-09,NABIL,785.24,791.06,771.48,777.3,38925
2025-12-10,NABIL,777.51,786.59,761.1,770.18,125047
2025-12-11,NABIL,769.41,794.82,755.7,781.11,65052
2025-12-12,NABIL,785.39,803.06,780.24,797.91,20354
2025-12-15,NABIL,801.29,818.91,795.71,813.33,12641
2025-12-16,NABIL,806.7,816.2,793.36,802.86,30895
2025-12-17,NABIL,807.68,813.42,794.62,800.36,37966
2025-12-18,NABIL,795.94,820.29,782.8,807.15,13068
2025-12-19,NABIL,808.39,823.68,807.93,823.23,35610
2025-12-22,NABIL,822.93,839.84,800.87,817.78,16602
2025-12-23,NABIL,818.98,824.45,811.32,816.79,20662
2025-12-24,NABIL,813.32,817.45,798.15,802.28,34975
2025-12-25,NABIL,799.11,806.63,779.47,786.98,49139
2025-12-26,NABIL,784.49,804.95,780.24,800.71,34056
2025-12-29,NABIL,798.93,830.77,790.42,822.26,17699
2025-12-30,NABIL,822.38,839.03,806.21,822.86,23864
2025-12-31,NABIL,822.49,841.18,820.7,839.38,31806
2026-01-01,NABIL,841.93,851.43,836.73,846.23,26415
2026-01-02,NABIL,845.3,850.12,832.84,837.67,9125
2026-01-05,NABIL,842.25,857.32,829.45,844.53,97438
2026-01-06,NABIL,846.48,871.37,844.31,869.2,43772
2026-01-07,NABIL,873.1,899.87,842.73,869.5,33632
2026-01-08,NABIL,863.91,903.39,855.36,894.84,41030
2026-01-09,NABIL,889.75,896.2,846.56,853.01,24638
2026-01-12,NABIL,858.77,876.15,849.39,866.78,61634
2026-01-13,NABIL,871.91,871.98,868.97,869.04,38041
2026-01-14,NABIL,874.33,881.78,857.77,865.22,50178
2026-01-15,NABIL,864.56,876.57,855.56,867.57,21474
2026-01-16,NABIL,870.79,882.37,825.84,837.42,114193
2026-01-19,NABIL,839.31,850.99,823.84,835.53,24578
2026-01-20,NABIL,833.55,846.45,829.44,842.34,21625
2026-01-21,NABIL,839.54,866.51,839.12,866.08,42713
2026-01-22,NABIL,865.26,865.69,858.49,858.92,21066
2026-01-23,NABIL,861.51,866.4,842.57,847.46,49047
2026-01-26,NABIL,847.8,856.02,832.83,841.05,57001
2026-01-27,NABIL,842.88,870.56,828.58,856.26,24402
2026-01-28,NABIL,853.65,867.34,848.73,862.42,12296
2026-01-29,NABIL,862.58,876.5,841.25,855.17,42439
2026-01-30,NABIL,857.36,872.0,849.54,864.18,13401
2026-02-02,NABIL,860.0,867.21,859.42,866.64,24560
2026-02-03,NABIL,863.66,883.07,863.24,882.65,28832
2026-02-04,NABIL,880.62,889.39,863.33,872.1,59958
2026-02-05,NABIL,873.95,883.75,857.96,867.76,86244
2026-02-06,NABIL,865.0,886.31,841.2,862.52,51340
2026-02-09,NABIL,863.8,865.51,839.07,840.78,25275
2026-02-10,NABIL,840.25,847.35,839.52,846.62,73179
2026-02-11,NABIL,847.76,854.02,845.59,851.85,28363
2026-02-12,NABIL,850.38,857.26,846.22,853.1,46012
2026-02-13,NABIL,854.09,857.67,847.06,850.64,126151
2026-02-16,NABIL,849.53,856.76,822.93,830.16,74662
2026-02-17,NABIL,823.39,828.78,820.02,825.41,19833
2026-02-18,NABIL,824.25,839.62,806.56,821.93,36719
2026-02-19,NABIL,823.01,836.62,798.13,811.74,31841
2026-02-20,NABIL,804.56,817.94,797.83,811.21,41829
2026-02-23,NABIL,806.42,825.27,800.1,818.96,72131
2026-02-24,NABIL,817.6,851.36,814.73,848.48,53086
2026-02-25,NABIL,849.1,871.73,829.75,852.38,42147
2026-02-26,NABIL,849.48,861.42,845.54,857.49,59766
2026-02-27,NABIL,857.73,865.07,850.06,857.4,27266
2026-03-02,NABIL,858.55,862.52,824.89,828.86,67678
2026-03-03,NABIL,827.96,834.26,823.73,830.02,20185
2026-03-04,NABIL,831.28,836.16,827.58,832.46,57193
2026-03-05,NABIL,835.36,878.9,827.33,870.87,81910
2026-03-06,NABIL,877.41,881.0,865.09,868.68,22827
2026-03-09,NABIL,862.5,885.14,851.62,874.26,89109
2026-03-10,NABIL,874.07,880.2,868.35,874.48,42958
2026-03-11,NABIL,883.03,892.68,847.2,856.84,39243
2026-03-12,NABIL,859.33,876.5,858.37,875.55,48465
2026-03-13,NABIL,872.78,890.12,870.79,888.13,48188
2026-03-16,NABIL,892.91,918.24,875.95,901.28,94458
2026-03-17,NABIL,897.71,902.25,882.24,886.77,33675
2026-03-18,NABIL,890.65,910.2,890.15,909.69,13154
2026-03-19,NABIL,909.12,922.68,873.25,886.81,28109
2026-03-20,NABIL,880.94,905.78,871.87,896.71,59510
2026-03-23,NABIL,892.08,933.08,891.4,932.4,16696
2026-03-24,NABIL,938.62,941.69,912.31,915.38,31077
2026-03-25,NABIL,914.48,928.1,892.39,906.01,30833
2026-03-26,NABIL,905.81,932.27,881.33,907.79,31616
2026-03-27,NABIL,914.5,920.76,893.41,899.68,71391
2026-03-30,NABIL,895.69,898.05,872.49,874.84,170078
2026-03-31,NABIL,874.89,877.19,874.37,876.67,35793
2026-04-01,NABIL,876.17,877.87,858.92,860.63,25740
2026-04-02,NABIL,860.51,873.73,855.76,868.97,26211
2026-04-03,NABIL,869.34,875.44,849.35,855.45,31163
2026-04-06,NABIL,846.38,893.66,833.14,880.42,69905
2026-04-07,NABIL,873.12,883.94,857.83,868.66,29566
2026-04-08,NABIL,863.77,867.7,860.55,864.49,22772
2026-04-09,NABIL,870.55,887.84,860.79,878.09,63666
2026-04-10,NABIL,880.62,891.55,848.4,859.32,18445
2026-04-13,NABIL,861.01,868.41,856.47,863.88,17443
2026-04-14,NABIL,863.05,891.47,856.73,885.15,29001
2026-04-15,NABIL,886.73,892.84,853.99,860.1,29243
2026-04-16,NABIL,856.38,874.0,846.36,863.98,52552
2026-04-17,NABIL,862.91,874.13,857.76,868.97,44164
2026-04-20,NABIL,872.18,893.1,861.15,882.06,32502
2026-04-21,NABIL,885.76,890.27,858.53,863.04,23798
2026-04-22,NABIL,857.66,869.54,831.61,843.49,52240
2026-04-23,NABIL,849.41,863.65,838.49,852.73,10413
2026-04-24,NABIL,853.45,873.0,838.89,858.44,34268
2026-04-27,NABIL,859.81,868.07,855.11,863.36,35504
2026-04-28,NABIL,863.76,879.3,854.16,869.71,39742
2026-04-29,NABIL,869.51,872.64,856.78,859.91,43681
2026-04-30,NABIL,855.27,879.31,840.49,864.53,56724
2026-05-01,NABIL,863.89,871.51,862.4,870.03,36719
2026-05-04,NABIL,868.15,871.14,856.69,859.68,22765
2026-05-05,NABIL,856.32,891.32,854.57,889.58,46395
2026-05-06,NABIL,893.24,912.92,877.96,897.64,48221
2026-05-07,NABIL,901.17,903.42,876.46,878.71,98645
2026-05-08,NABIL,872.24,898.8,863.21,889.77,16852
2026-05-11,NABIL,889.87,895.33,869.17,874.63,49542
2026-05-12,NABIL,875.28,894.22,868.84,887.78,23081
2026-05-13,NABIL,882.78,912.35,877.24,906.8,20869
2026-05-14,NABIL,903.26,915.34,881.46,893.54,68335
2026-05-15,NABIL,902.95,918.06,894.31,909.43,48824
2026-05-18,NABIL,906.31,917.96,904.61,916.27,55281
2026-05-19,NABIL,916.72,935.12,911.36,929.77,168729
2026-05-20,NABIL,934.05,962.1,933.12,961.18,23815
2026-05-21,NABIL,967.99,968.32,955.58,955.92,24929
2026-05-22,NABIL,958.62,975.7,924.97,942.05,25913
2026-05-25,NABIL,945.71,951.57,920.51,926.36,52737
2026-05-26,NABIL,923.67,938.0,898.17,912.5,31303
2026-05-27,NABIL,914.76,915.44,910.57,911.25,40401
2026-05-28,NABIL,912.64,929.14,900.39,916.89,52383
2026-05-29,NABIL,920.86,926.55,915.7,921.39,59895
2026-06-01,NABIL,921.13,939.24,916.84,934.95,13405
2026-06-02,NABIL,935.72,939.74,930.7,934.72,42742
2026-06-03,NABIL,930.68,970.98,918.44,958.73,68315
2026-06-04,NABIL,961.35,961.73,952.83,953.2,36937
2026-06-05,NABIL,956.78,999.33,956.48,999.03,26645
2026-06-08,NABIL,997.19,1009.36,996.22,1008.39,27981
2026-06-09,NABIL,1009.28,1012.35,987.64,990.7,27248
2026-06-10,NABIL,987.16,999.34,957.73,969.91,32463
2026-06-11,NABIL,975.52,981.41,971.22,977.11,40861
2026-06-12,NABIL,971.31,981.83,961.28,971.8,42626
2026-06-15,NABIL,972.12,991.78,963.38,983.03,68822
2026-06-16,NABIL,988.57,995.01,983.45,989.89,144255
2026-06-17,NABIL,988.12,991.7,983.33,986.91,86858
2026-06-18,NABIL,984.84,1000.17,954.93,970.26,28222
2026-06-19,NABIL,965.04,967.69,939.92,942.58,20927
2026-06-22,NABIL,939.68,949.06,925.01,934.39,35567
2026-06-23,NABIL,940.19,950.58,937.97,948.36,19950
2026-06-24,NABIL,947.55,960.65,938.19,951.28,35253
2026-06-25,NABIL,947.01,953.28,922.88,929.15,45681
2026-06-26,NABIL,930.98,933.28,929.43,931.73,43195
2026-06-29,NABIL,929.35,960.84,906.32,937.81,26407
2026-06-30,NABIL,935.73,941.47,916.64,922.38,24774
2026-07-01,NABIL,927.62,938.62,913.76,924.75,25785
2026-07-02,NABIL,926.5,934.2,917.79,925.49,26073
2026-07-03,NABIL,926.24,931.98,900.47,906.2,14625
2026-07-06,NABIL,912.71,926.83,898.07,912.19,25142
2026-07-07,NABIL,913.23,924.99,909.66,921.42,44385
2026-07-08,NABIL,928.83,945.41,922.65,939.22,32657
2026-07-09,NABIL,934.04,964.14,926.4,956.5,23422
2026-07-10,NABIL,963.37,963.68,931.56,931.87,26620
2026-07-13,NABIL,931.81,933.86,913.71,915.76,74090
2026-07-14,NABIL,913.81,947.55,890.46,924.2,27074
2026-07-15,NABIL,926.72,942.26,916.98,932.53,109976
2026-07-16,NABIL,931.19,946.27,925.69,940.78,51761
2026-07-17,NABIL,943.87,1016.6,932.72,1005.45,49235
2026-07-20,NABIL,1010.15,1024.54,999.34,1013.73,83224
2026-07-21,NABIL,1013.05,1038.89,1006.35,1032.19,39657
2026-07-22,NABIL,1028.82,1059.83,1016.18,1047.19,45306
2026-07-23,NABIL,1047.31,1060.52,1043.16,1056.36,78203
2026-07-24,NABIL,1056.56,1058.56,1045.01,1047.01,16059
2026-07-27,NABIL,1049.72,1066.11,1041.82,1058.21,132979
2026-07-28,NABIL,1059.14,1062.34,1036.88,1040.09,42176
2026-07-29,NABIL,1039.69,1055.98,1016.44,1032.73,42933
2026-07-30,NABIL,1033.5,1039.7,1014.76,1020.97,27781
2026-07-31,NABIL,1025.35,1027.33,1018.05,1020.03,19615
2026-08-03,NABIL,1017.18,1061.53,1015.77,1060.12,74386
2026-08-04,NABIL,1057.75,1073.3,1005.48,1021.03,45539
2026-08-05,NABIL,1020.76,1047.35,1004.62,1031.21,26026
2026-08-06,NABIL,1025.23,1044.02,979.79,998.57,9708
2026-08-07,NABIL,996.57,1000.92,983.85,988.2,19678
2026-08-10,NABIL,989.17,1013.06,982.04,1005.93,25888
2026-08-11,NABIL,1009.44,1022.31,992.16,1005.03,53643
2026-08-12,NABIL,1012.45,1013.43,982.51,983.49,19109
2026-08-13,NABIL,980.77,995.55,954.51,969.3,35335
2026-08-14,NABIL,968.36,982.34,965.98,979.95,44856
2026-08-17,NABIL,985.61,997.7,953.54,965.62,34568
2026-08-18,NABIL,966.95,979.08,956.13,968.27,47765
2026-08-19,NABIL,970.0,975.51,962.37,967.88,53403
2026-08-20,NABIL,968.64,981.34,942.66,955.36,55570
2026-08-21,NABIL,960.86,992.23,959.97,991.34,24201
2026-08-24,NABIL,991.18,1018.96,973.15,1000.94,15390
2026-08-25,NABIL,998.21,999.44,961.27,962.5,60137
2026-08-26,NABIL,960.79,970.98,954.49,964.69,11687
2026-08-27,NABIL,955.33,959.64,947.79,952.1,14039
2026-08-28,NABIL,955.09,973.23,947.75,965.89,46876
2026-08-31,NABIL,965.71,974.9,941.79,950.99,36237
2026-09-01,NABIL,956.71,967.69,937.25,948.23,61476
2026-09-02,NABIL,948.33,958.23,946.22,956.12,41152
2026-09-03,NABIL,955.17,989.92,935.37,970.11,24120
2026-09-04,NABIL,969.02,978.52,938.44,947.93,106789
2026-09-07,NABIL,945.77,951.8,935.47,941.5,51202
2026-09-08,NABIL,944.98,958.04,919.81,932.86,37638
2026-09-09,NABIL,935.47,941.43,915.53,921.49,45985
2026-09-10,NABIL,923.83,959.12,915.32,950.61,68168
2026-09-11,NABIL,955.62,961.88,950.5,956.76,40886
2026-09-14,NABIL,954.12,973.51,914.74,934.12,102906
2026-09-15,NABIL,931.69,951.01,929.81,949.13,27164
2026-09-16,NABIL,950.74,987.79,947.58,984.63,49697
2026-09-17,NABIL,984.54,1007.12,978.79,1001.38,131316
2026-09-18,NABIL,1003.12,1019.92,955.24,972.03,37153
2026-09-21,NABIL,974.42,975.57,961.14,962.3,19659
2026-09-22,NABIL,955.87,985.73,953.34,983.2,46144
2026-09-23,NABIL,981.3,987.57,962.88,969.15,93376
2026-09-24,NABIL,963.47,987.65,951.51,975.69,41550
2025-09-26,NICA,550.71,552.18,548.53,550.0,24322
2025-09-29,NICA,549.62,566.09,544.05,560.53,23076
2025-09-30,NICA,558.52,580.57,555.42,577.47,36934
2025-10-01,NICA,579.98,580.04,572.25,572.3,48282
2025-10-02,NICA,574.17,583.27,574.03,583.12,83627
2025-10-03,NICA,583.14,586.39,578.94,582.19,16529
2025-10-06,NICA,581.48,587.65,573.7,579.87,25192
2025-10-07,NICA,580.0,589.74,578.9,588.64,49901
2025-10-08,NICA,589.79,595.32,589.37,594.9,37747
2025-10-09,NICA,592.67,604.07,565.83,577.23,33307
2025-10-10,NICA,578.61,599.34,571.45,592.17,90985
2025-10-13,NICA,591.67,613.54,584.28,606.15,88826
2025-10-14,NICA,605.33,606.22,597.38,598.27,25133
2025-10-15,NICA,597.34,603.48,595.52,601.66,40225
2025-10-16,NICA,601.67,607.04,600.7,606.06,47200
2025-10-17,NICA,608.36,615.6,600.62,607.85,14899
2025-10-20,NICA,610.12,625.47,585.39,600.74,15992
2025-10-21,NICA,597.92,599.26,591.21,592.54,12317
2025-10-22,NICA,594.34,597.55,588.33,591.53,25696
2025-10-23,NICA,590.24,618.94,574.61,603.3,45939
2025-10-24,NICA,603.75,617.21,594.75,608.22,35983
2025-10-27,NICA,608.51,612.0,599.56,603.06,20255
2025-10-28,NICA,602.67,617.76,595.37,610.45,35725
2025-10-29,NICA,609.37,614.76,572.6,577.99,21356
2025-10-30,NICA,581.95,590.55,580.93,589.53,15944
2025-10-31,NICA,593.0,602.2,561.19,570.4,32029
2025-11-03,NICA,572.77,576.56,562.63,566.42,25251
2025-11-04,NICA,567.96,578.09,544.71,554.84,27099
2025-11-05,NICA,553.5,565.19,530.29,541.98,56684
2025-11-06,NICA,544.8,555.28,543.14,553.62,92679
2025-11-07,NICA,551.96,552.13,548.88,549.06,47857
2025-11-10,NICA,553.48,557.22,548.92,552.66,39415
2025-11-11,NICA,553.07,555.09,550.29,552.31,16183
2025-11-12,NICA,554.96,562.58,549.55,557.17,24486
2025-11-13,NICA,558.37,564.21,552.12,557.96,73970
2025-11-14,NICA,560.19,564.11,541.17,545.08,23061
2025-11-17,NICA,548.36,563.01,540.46,555.12,29923
2025-11-18,NICA,558.07,559.45,548.87,550.25,50702
2025-11-19,NICA,555.01,557.45,532.55,534.99,24683
2025-11-20,NICA,535.11,540.04,526.39,531.32,42665
2025-11-21,NICA,532.4,554.54,524.05,546.2,50160
2025-11-24,NICA,545.4,560.74,539.45,554.79,21948
2025-11-25,NICA,550.43,557.14,544.67,551.38,124707
2025-11-26,NICA,550.89,556.94,542.01,548.05,30758
2025-11-27,NICA,549.84,551.52,543.41,545.08,60857
2025-11-28,NICA,544.72,569.02,541.42,565.72,43025
2025-12-01,NICA,569.36,570.87,567.94,569.46,48756
2025-12-02,NICA,570.97,577.85,566.75,573.63,73429
2025-12-03,NICA,570.66,585.01,569.6,583.95,46157
2025-12-04,NICA,582.71,589.73,578.9,585.91,51627
2025-12-05,NICA,585.96,593.18,575.38,582.59,43708
2025-12-08,NICA,583.15,593.03,570.14,580.02,172993
2025-12-09,NICA,575.93,582.08,572.66,578.81,57068
2025-12-10,NICA,581.8,584.0,575.79,577.99,54388
2025-12-11,NICA,575.16,585.96,574.35,585.15,32035
2025-12-12,NICA,583.79,590.1,578.81,585.12,51696
2025-12-15,NICA,586.04,602.15,576.15,592.26,17720
2025-12-16,NICA,595.1,597.73,588.05,590.67,25188
2025-12-17,NICA,590.71,591.6,589.91,590.81,22675
2025-12-18,NICA,590.53,594.21,565.17,568.86,46710
2025-12-19,NICA,567.87,583.15,562.74,578.02,56018
2025-12-22,NICA,582.02,584.18,579.05,581.21,28573
2025-12-23,NICA,583.38,592.5,582.05,591.17,15505
2025-12-24,NICA,587.56,597.42,549.79,559.64,77462
2025-12-25,NICA,565.37,583.86,562.17,580.65,25885
2025-12-26,NICA,584.23,585.3,577.65,578.72,121013
2025-12-29,NICA,581.52,601.99,569.36,589.83,67133
2025-12-30,NICA,591.67,595.1,574.69,578.12,26089
2025-12-31,NICA,578.11,588.85,573.33,584.07,32790
2026-01-01,NICA,585.7,588.3,569.86,572.45,64420
2026-01-02,NICA,575.83,576.33,565.23,565.73,18306
2026-01-05,NICA,564.11,586.2,562.97,585.06,11849
2026-01-06,NICA,584.78,585.26,582.0,582.49,90045
2026-01-07,NICA,580.1,587.94,576.41,584.25,110465
2026-01-08,NICA,585.61,600.09,578.37,592.85,31701
2026-01-09,NICA,591.97,603.13,586.24,597.39,69790
2026-01-12,NICA,601.08,612.35,586.89,598.16,27083
2026-01-13,NICA,598.5,607.95,591.77,601.22,12568
2026-01-14,NICA,600.87,628.32,598.84,626.29,27457
2026-01-15,NICA,627.58,637.53,614.14,624.09,26380
2026-01-16,NICA,616.92,632.17,609.61,624.86,35720
2026-01-19,NICA,629.01,646.42,617.75,635.16,27604
2026-01-20,NICA,636.35,649.92,632.46,646.02,19949
2026-01-21,NICA,648.0,659.75,646.02,657.77,75823
2026-01-22,NICA,657.23,663.61,656.57,662.95,21444
2026-01-23,NICA,662.35,667.7,641.44,646.78,45270
2026-01-26,NICA,644.71,669.78,638.64,663.72,88930
2026-01-27,NICA,663.66,665.42,645.72,647.48,23194
2026-01-28,NICA,649.77,665.5,633.17,648.9,56506
2026-01-29,NICA,649.08,650.87,636.16,637.96,49491
2026-01-30,NICA,636.61,646.53,625.44,635.37,58486
2026-02-02,NICA,636.12,645.34,628.12,637.35,16091
2026-02-03,NICA,637.26,642.18,634.28,639.2,13779
2026-02-04,NICA,637.32,649.65,629.84,642.17,22333
2026-02-05,NICA,645.12,660.19,643.8,658.87,19742
2026-02-06,NICA,660.0,662.24,659.59,661.84,55042
2026-02-09,NICA,660.86,662.02,655.28,656.43,22102
2026-02-10,NICA,653.62,666.05,653.05,665.48,6292
2026-02-11,NICA,667.89,680.09,664.93,677.14,8797
2026-02-12,NICA,678.81,685.47,652.59,659.25,124803
2026-02-13,NICA,657.33,664.05,657.19,663.91,32541
2026-02-16,NICA,662.2,678.95,652.99,669.74,22482
2026-02-17,NICA,667.19,670.39,660.24,663.44,39089
2026-02-18,NICA,664.3,688.33,653.29,677.33,31212
2026-02-19,NICA,673.09,675.06,670.6,672.57,61689
2026-02-20,NICA,672.08,672.6,670.77,671.29,246684
2026-02-23,NICA,669.27,671.26,664.45,666.44,28118
2026-02-24,NICA,666.74,674.37,656.38,664.01,15321
2026-02-25,NICA,662.23,668.19,642.39,648.35,111745
2026-02-26,NICA,647.19,653.99,622.62,629.42,78324
2026-02-27,NICA,631.57,646.29,631.13,645.86,48573
2026-03-02,NICA,644.19,649.56,628.59,633.95,67371
2026-03-03,NICA,632.93,635.01,618.82,620.89,20474
2026-03-04,NICA,626.02,628.54,592.89,595.41,19138
2026-03-05,NICA,598.78,598.92,587.62,587.76,34620
2026-03-06,NICA,585.26,587.86,570.54,573.13,46956
2026-03-09,NICA,575.39,590.86,574.29,589.76,74045
2026-03-10,NICA,591.13,615.34,575.6,599.81,44155
2026-03-11,NICA,598.96,600.11,590.32,591.47,44493
2026-03-12,NICA,591.87,616.55,590.05,614.74,80062
2026-03-13,NICA,617.54,630.62,611.25,624.34,80038
2026-03-16,NICA,619.04,619.92,618.31,619.19,25217
2026-03-17,NICA,619.13,626.78,582.3,589.96,19938
2026-03-18,NICA,591.94,616.7,588.84,613.6,50414
2026-03-19,NICA,612.7,614.13,595.6,597.02,28708
2026-03-20,NICA,600.88,606.22,573.16,578.5,29929
2026-03-23,NICA,582.02,595.89,574.85,588.72,66104
2026-03-24,NICA,589.67,616.57,587.02,613.92,35792
2026-03-25,NICA,614.72,633.65,609.04,627.98,17900
2026-03-26,NICA,626.81,640.27,619.29,632.76,40974
2026-03-27,NICA,632.1,639.62,630.3,637.82,51638
2026-03-30,NICA,640.04,648.84,636.97,645.77,16194
2026-03-31,NICA,650.78,653.36,649.95,652.54,19926
2026-04-01,NICA,653.88,658.31,649.17,653.6,40447
2026-04-02,NICA,654.88,657.17,650.27,652.56,53147
2026-04-03,NICA,653.63,660.84,642.38,649.59,31421
2026-04-06,NICA,654.52,658.82,634.32,638.61,33537
2026-04-07,NICA,641.44,647.62,627.35,633.52,33784
2026-04-08,NICA,635.67,648.98,599.18,612.48,26338
2026-04-09,NICA,613.3,613.85,609.64,610.19,40712
2026-04-10,NICA,609.13,613.37,593.94,598.18,49407
2026-04-13,NICA,599.95,601.47,583.91,585.43,52534
2026-04-14,NICA,587.97,593.46,581.26,586.75,26328
2026-04-15,NICA,587.61,605.69,582.75,600.84,109415
2026-04-16,NICA,600.0,611.2,598.64,609.84,35894
2026-04-17,NICA,611.79,613.59,589.66,591.46,13769
2026-04-20,NICA,588.93,595.04,574.09,580.21,64227
2026-04-21,NICA,579.96,599.65,569.88,589.57,32817
2026-04-22,NICA,592.31,592.71,578.07,578.47,20818
2026-04-23,NICA,580.73,582.1,574.33,575.71,49052
2026-04-24,NICA,578.01,582.14,576.91,581.04,7172
2026-04-27,NICA,579.52,583.39,566.57,570.43,12107
2026-04-28,NICA,573.57,576.49,568.34,571.26,33440
2026-04-29,NICA,574.95,580.26,551.96,557.27,79933
2026-04-30,NICA,558.93,567.97,542.22,551.26,37996
2026-05-01,NICA,550.72,563.46,541.83,554.57,21895
2026-05-04,NICA,554.18,565.88,527.05,538.75,39101
2026-05-05,NICA,538.84,546.4,535.84,543.4,100411
2026-05-06,NICA,543.82,547.21,540.12,543.5,23260
2026-05-07,NICA,542.17,556.45,534.92,549.2,35517
2026-05-08,NICA,547.68,553.96,545.31,551.59,15618
2026-05-11,NICA,548.27,565.74,547.8,565.27,57298
2026-05-12,NICA,561.97,566.87,561.51,566.4,30166
2026-05-13,NICA,567.12,571.35,557.63,561.85,81167
2026-05-14,NICA,562.11,573.57,551.56,563.02,32988
2026-05-15,NICA,563.5,572.24,559.68,568.43,23128
2026-05-18,NICA,566.62,570.53,564.8,568.72,69258
2026-05-19,NICA,573.04,573.16,568.79,568.91,35017
2026-05-20,NICA,565.47,569.45,557.53,561.51,12309
2026-05-21,NICA,562.11,570.89,545.95,554.74,49278
2026-05-22,NICA,556.72,565.28,532.25,540.8,27178
2026-05-25,NICA,544.29,559.0,543.47,558.18,62199
2026-05-26,NICA,556.19,557.65,544.22,545.68,9985
2026-05-27,NICA,545.22,549.1,535.25,539.13,20084
2026-05-28,NICA,539.29,539.99,531.83,532.53,31732
2026-05-29,NICA,532.89,545.13,529.37,541.61,47342
2026-06-01,NICA,544.66,550.54,533.18,539.06,34229
2026-06-02,NICA,540.59,551.64,540.48,551.54,41769
2026-06-03,NICA,552.17,557.37,539.79,544.99,25148
2026-06-04,NICA,542.5,549.97,540.52,547.99,38759
2026-06-05,NICA,547.53,547.71,539.77,539.95,33620
2026-06-08,NICA,538.77,571.72,528.21,561.16,38395
2026-06-09,NICA,558.86,559.73,548.23,549.11,77607
2026-06-10,NICA,551.24,557.14,546.45,552.35,46925
2026-06-11,NICA,556.27,562.38,552.66,558.77,17744
2026-06-12,NICA,561.01,568.1,555.83,562.92,24285
2026-06-15,NICA,562.36,570.17,553.14,560.95,43183
2026-06-16,NICA,560.65,562.1,558.13,559.58,59070
2026-06-17,NICA,555.67,564.44,551.23,560.0,79427
2026-06-18,NICA,562.31,571.6,549.2,558.48,71397
2026-06-19,NICA,557.56,574.36,551.36,568.17,18705
2026-06-22,NICA,567.47,591.84,566.2,590.57,57976
2026-06-23,NICA,593.86,601.52,576.3,583.95,25918
2026-06-24,NICA,580.02,581.21,567.81,569.0,22392
2026-06-25,NICA,572.68,578.16,562.4,567.88,17316
2026-06-26,NICA,567.82,597.57,564.3,594.05,42963
2026-06-29,NICA,595.05,599.79,579.95,584.68,27328
2026-06-30,NICA,585.96,601.46,585.87,601.37,36455
2026-07-01,NICA,601.11,621.29,598.41,618.59,34440
2026-07-02,NICA,617.95,620.21,608.8,611.07,94768
2026-07-03,NICA,610.34,619.61,606.89,616.15,55169
2026-07-06,NICA,619.04,635.03,616.93,632.91,45332
2026-07-07,NICA,634.05,634.72,626.2,626.88,14150
2026-07-08,NICA,623.88,630.9,615.99,623.01,39567
2026-07-09,NICA,628.57,639.23,604.37,615.02,53254
2026-07-10,NICA,610.59,613.61,599.5,602.52,26223
2026-07-13,NICA,601.02,605.71,589.82,594.51,32830
2026-07-14,NICA,589.8,592.54,577.89,580.63,56882
2026-07-15,NICA,581.18,587.41,574.28,580.51,126051
2026-07-16,NICA,574.64,579.89,566.74,572.0,30589
2026-07-17,NICA,576.48,582.8,567.8,574.12,17366
2026-07-20,NICA,573.05,575.82,554.94,557.71,34078
2026-07-21,NICA,554.35,575.87,539.52,561.04,42287
2026-07-22,NICA,563.48,572.06,560.81,569.4,38514
2026-07-23,NICA,568.51,570.2,547.04,548.73,42679
2026-07-24,NICA,550.1,554.52,548.2,552.62,29092
2026-07-27,NICA,552.55,567.07,550.42,564.94,71369
2026-07-28,NICA,560.94,561.22,552.22,552.51,77431
2026-07-29,NICA,551.06,574.41,545.9,569.25,25402
2026-07-30,NICA,564.39,581.2,556.51,573.32,238625
2026-07-31,NICA,573.83,579.81,559.76,565.73,35138
2026-08-03,NICA,566.91,568.52,563.4,565.01,53483
2026-08-04,NICA,565.21,573.72,562.04,570.55,32260
2026-08-05,NICA,570.1,571.94,569.24,571.07,71701
2026-08-06,NICA,564.36,579.77,560.94,576.35,53827
2026-08-07,NICA,576.3,577.41,565.31,566.42,28764
2026-08-10,NICA,568.56,574.95,561.59,567.97,22840
2026-08-11,NICA,565.77,568.02,551.07,553.32,15870
2026-08-12,NICA,555.23,558.69,548.85,552.31,64336
2026-08-13,NICA,553.91,556.7,540.66,543.44,49498
2026-08-14,NICA,544.38,547.82,533.1,536.54,58702
2026-08-17,NICA,539.09,553.04,534.95,548.9,55546
2026-08-18,NICA,551.25,561.84,549.29,559.87,35742
2026-08-19,NICA,559.51,570.97,554.52,565.98,23226
2026-08-20,NICA,565.65,569.4,550.95,554.69,22573
2026-08-21,NICA,550.49,553.3,548.79,551.6,41273
2026-08-24,NICA,549.8,563.79,549.79,563.78,53935
2026-08-25,NICA,560.16,570.4,554.86,565.11,22979
2026-08-26,NICA,562.98,593.08,558.45,588.56,59735
2026-08-27,NICA,587.93,593.22,586.79,592.08,10912
2026-08-28,NICA,589.14,597.16,585.37,593.39,37645
2026-08-31,NICA,596.62,598.26,587.7,589.33,16559
2026-09-01,NICA,589.77,607.9,571.95,590.08,106970
2026-09-02,NICA,590.58,597.86,580.5,587.78,27038
2026-09-03,NICA,585.49,599.44,580.69,594.64,48330
2026-09-04,NICA,597.16,607.15,594.11,604.1,190193
2026-09-07,NICA,602.87,605.2,592.21,594.54,35762
2026-09-08,NICA,592.89,603.14,569.26,579.51,28408
2026-09-09,NICA,579.86,582.8,556.97,559.91,22171
2026-09-10,NICA,559.91,571.33,553.58,564.99,36113
2026-09-11,NICA,565.35,567.16,551.82,553.64,59579
2026-09-14,NICA,552.18,556.79,527.66,532.27,30265
2026-09-15,NICA,530.53,543.72,523.31,536.5,27289
2026-09-16,NICA,537.06,565.9,532.16,561.0,40788
2026-09-17,NICA,560.69,565.65,555.92,560.88,45902
2026-09-18,NICA,561.48,569.88,560.89,569.29,25599
2026-09-21,NICA,568.99,583.8,555.09,569.9,85276
2026-09-22,NICA,572.1,577.37,563.38,568.65,76242
2026-09-23,NICA,569.1,578.35,568.58,577.84,25069
2026-09-24,NICA,579.26,581.08,572.59,574.41,74781
2025-09-26,NIFRA,300.31,302.14,298.17,300.0,11274
2025-09-29,NIFRA,297.34,304.0,296.28,302.93,82604
2025-09-30,NIFRA,304.45,307.72,297.1,300.36,64056
2025-10-01,NIFRA,299.0,301.67,294.26,296.93,44811
2025-10-02,NIFRA,297.05,300.04,294.54,297.53,27181
2025-10-03,NIFRA,294.88,303.04,289.57,297.74,41606
2025-10-06,NIFRA,297.08,302.13,295.39,300.44,55133
2025-10-07,NIFRA,300.12,303.63,295.56,299.07,29603
2025-10-08,NIFRA,297.45,298.9,287.85,289.29,41518
2025-10-09,NIFRA,290.08,291.67,285.75,287.33,11361
2025-10-10,NIFRA,286.32,293.99,284.1,291.77,38558
2025-10-13,NIFRA,293.52,294.91,289.06,290.45,26984
2025-10-14,NIFRA,291.79,293.23,288.0,289.44,43388
2025-10-15,NIFRA,289.77,298.61,286.03,294.87,18137
2025-10-16,NIFRA,293.04,296.92,287.4,291.28,54026
2025-10-17,NIFRA,293.43,296.8,280.08,283.45,60226
2025-10-20,NIFRA,282.79,286.32,279.5,283.02,18145
2025-10-21,NIFRA,283.5,285.89,278.57,280.96,38733
2025-10-22,NIFRA,281.33,282.4,275.45,276.52,78455
2025-10-23,NIFRA,277.12,280.7,272.58,276.16,60323
2025-10-24,NIFRA,275.65,280.56,274.22,279.13,57178
2025-10-27,NIFRA,280.3,284.2,275.65,279.55,17734
2025-10-28,NIFRA,278.61,282.37,277.8,281.56,50616
2025-10-29,NIFRA,279.76,291.28,279.67,291.18,46742
2025-10-30,NIFRA,292.21,293.88,287.97,289.64,36344
2025-10-31,NIFRA,288.53,292.53,287.38,291.38,25499
2025-11-03,NIFRA,292.38,293.7,287.64,288.97,99352
2025-11-04,NIFRA,290.21,292.5,282.57,284.86,9879
2025-11-05,NIFRA,283.77,287.14,278.87,282.24,16130
2025-11-06,NIFRA,282.7,287.14,275.79,280.22,31938
2025-11-07,NIFRA,281.0,283.56,279.92,282.49,42589
2025-11-10,NIFRA,282.41,296.79,280.47,294.85,17815
2025-11-11,NIFRA,294.15,297.23,288.16,291.24,20715
2025-11-12,NIFRA,290.17,290.69,288.8,289.31,28269
2025-11-13,NIFRA,289.71,290.71,288.28,289.28,21190
2025-11-14,NIFRA,290.52,293.05,289.1,291.63,48915
2025-11-17,NIFRA,293.01,299.35,286.92,293.26,72155
2025-11-18,NIFRA,294.16,304.43,289.99,300.26,35176
2025-11-19,NIFRA,300.46,302.05,285.65,287.23,64031
2025-11-20,NIFRA,286.22,287.6,273.84,275.22,56696
2025-11-21,NIFRA,275.46,277.2,271.56,273.3,30272
2025-11-24,NIFRA,274.14,279.88,273.53,279.27,19455
2025-11-25,NIFRA,277.24,282.52,266.58,271.87,25371
2025-11-26,NIFRA,272.5,273.46,256.79,257.74,34190
2025-11-27,NIFRA,258.17,261.35,258.02,261.2,31614
2025-11-28,NIFRA,262.07,266.76,258.41,263.1,61309
2025-12-01,NIFRA,263.01,265.51,256.16,258.66,30324
2025-12-02,NIFRA,259.03,261.59,252.3,254.86,26302
2025-12-03,NIFRA,253.77,255.42,249.61,251.26,101867
2025-12-04,NIFRA,251.48,254.91,249.21,252.65,58402
2025-12-05,NIFRA,253.51,254.94,249.24,250.67,17369
2025-12-08,NIFRA,250.69,257.49,247.0,253.8,25391
2025-12-09,NIFRA,254.62,255.35,240.89,241.62,25573
2025-12-10,NIFRA,241.4,243.19,237.11,238.9,17922
2025-12-11,NIFRA,238.36,242.64,230.83,235.11,59812
2025-12-12,NIFRA,234.18,235.6,233.69,235.11,36185
2025-12-15,NIFRA,234.93,236.77,232.09,233.92,74300
2025-12-16,NIFRA,234.78,240.82,232.34,238.38,27562
2025-12-17,NIFRA,237.79,240.29,228.95,231.45,40853
2025-12-18,NIFRA,229.44,234.04,228.17,232.77,36139
2025-12-19,NIFRA,232.51,236.6,232.14,236.22,78807
2025-12-22,NIFRA,237.46,246.23,236.43,245.19,31901
2025-12-23,NIFRA,246.8,249.08,241.75,244.03,79779
2025-12-24,NIFRA,243.79,249.14,241.1,246.44,29522
2025-12-25,NIFRA,247.12,248.29,238.22,239.4,21953
2025-12-26,NIFRA,237.46,237.62,229.97,230.13,86263
2025-12-29,NIFRA,230.18,235.97,228.98,234.77,30158
2025-12-30,NIFRA,232.1,238.54,229.4,235.84,35955
2025-12-31,NIFRA,235.41,242.17,235.15,241.92,102307
2026-01-01,NIFRA,242.66,244.77,234.84,236.95,44970
2026-01-02,NIFRA,236.31,243.26,233.28,240.23,23393
2026-01-05,NIFRA,240.64,252.07,237.91,249.34,14372
2026-01-06,NIFRA,249.73,253.5,248.37,252.14,60033
2026-01-07,NIFRA,249.2,256.0,247.48,254.28,49708
2026-01-08,NIFRA,252.23,258.28,249.11,255.17,6638
2026-01-09,NIFRA,255.3,257.32,246.77,248.79,31716
2026-01-12,NIFRA,249.43,259.34,245.87,255.79,95777
2026-01-13,NIFRA,255.75,259.29,250.27,253.8,13766
2026-01-14,NIFRA,253.55,257.56,252.96,256.97,52889
2026-01-15,NIFRA,257.61,257.72,250.44,250.55,55385
2026-01-16,NIFRA,250.24,255.54,240.83,246.13,20648
2026-01-19,NIFRA,245.34,254.07,244.72,253.45,88360
2026-01-20,NIFRA,252.88,253.59,252.01,252.73,27370
2026-01-21,NIFRA,252.57,262.08,250.7,260.21,24710
2026-01-22,NIFRA,259.32,264.95,254.98,260.61,37098
2026-01-23,NIFRA,258.91,260.56,251.09,252.74,48443
2026-01-26,NIFRA,253.57,260.38,250.85,257.67,20382
2026-01-27,NIFRA,258.81,260.58,253.96,255.73,60892
2026-01-28,NIFRA,255.5,260.43,254.84,259.78,25697
2026-01-29,NIFRA,259.05,264.51,255.22,260.67,19492
2026-01-30,NIFRA,259.84,261.54,252.5,254.2,20536
2026-02-02,NIFRA,253.7,259.49,250.01,255.8,34557
2026-02-03,NIFRA,256.77,267.39,256.12,266.74,49818
2026-02-04,NIFRA,266.53,270.3,266.02,269.78,49320
2026-02-05,NIFRA,269.92,273.56,266.48,270.13,27406
2026-02-06,NIFRA,268.56,278.71,265.82,275.97,54163
2026-02-09,NIFRA,276.61,279.15,275.01,277.54,33617
2026-02-10,NIFRA,277.01,283.02,273.08,279.09,64418
2026-02-11,NIFRA,278.41,278.52,273.97,274.08,51819
2026-02-12,NIFRA,274.47,276.92,273.34,275.79,38130
2026-02-13,NIFRA,278.42,281.56,278.32,281.46,73906
2026-02-16,NIFRA,281.58,283.59,275.65,277.65,66455
2026-02-17,NIFRA,277.68,286.75,276.2,285.27,30268
2026-02-18,NIFRA,281.65,285.4,281.42,285.16,41206
2026-02-19,NIFRA,286.98,288.35,279.6,280.98,36739
2026-02-20,NIFRA,280.92,289.87,277.51,286.46,19386
2026-02-23,NIFRA,286.79,288.15,283.98,285.33,64518
2026-02-24,NIFRA,285.37,291.88,283.08,289.59,16010
2026-02-25,NIFRA,290.19,292.22,286.34,288.36,48897
2026-02-26,NIFRA,288.84,288.84,288.35,288.36,95092
2026-02-27,NIFRA,288.52,292.06,287.69,291.23,18926
2026-03-02,NIFRA,291.35,295.56,288.8,293.01,70428
2026-03-03,NIFRA,292.74,293.46,281.99,282.71,28449
2026-03-04,NIFRA,283.05,284.53,275.93,277.42,14789
2026-03-05,NIFRA,276.68,286.18,273.06,282.56,56001
2026-03-06,NIFRA,283.32,286.9,278.72,282.3,54348
2026-03-09,NIFRA,281.18,282.25,278.98,280.06,42181
2026-03-10,NIFRA,279.77,283.01,270.43,273.67,67349
2026-03-11,NIFRA,273.68,275.82,266.77,268.91,20233
2026-03-12,NIFRA,268.93,270.61,258.08,259.76,9025
2026-03-13,NIFRA,259.74,262.1,257.7,260.06,74717
2026-03-16,NIFRA,256.76,260.86,253.93,258.03,42935
2026-03-17,NIFRA,256.29,257.03,253.6,254.34,20189
2026-03-18,NIFRA,254.03,261.9,247.01,254.88,56307
2026-03-19,NIFRA,252.75,259.07,251.07,257.39,32788
2026-03-20,NIFRA,256.98,268.61,256.27,267.9,33901
2026-03-23,NIFRA,267.74,268.43,260.57,261.26,17010
2026-03-24,NIFRA,259.23,268.77,257.92,267.47,10612
2026-03-25,NIFRA,268.01,274.83,265.99,272.81,35086
2026-03-26,NIFRA,272.04,275.8,265.8,269.56,31018
2026-03-27,NIFRA,268.77,275.51,264.44,271.18,53712
2026-03-30,NIFRA,270.72,274.57,265.7,269.55,57176
2026-03-31,NIFRA,270.26,276.26,265.07,271.08,22418
2026-04-01,NIFRA,270.81,279.9,269.95,279.04,80197
2026-04-02,NIFRA,279.74,285.03,277.27,282.56,30708
2026-04-03,NIFRA,282.35,286.01,281.9,285.56,21863
2026-04-06,NIFRA,285.49,285.53,283.67,283.71,41971
2026-04-07,NIFRA,284.61,284.85,276.29,276.52,63202
2026-04-08,NIFRA,277.48,280.38,273.1,276.0,17822
2026-04-09,NIFRA,276.68,284.18,275.02,282.52,11535
2026-04-10,NIFRA,281.99,282.24,274.91,275.17,23034
2026-04-13,NIFRA,274.45,278.1,266.82,270.48,22385
2026-04-14,NIFRA,271.22,271.91,271.01,271.71,33356
2026-04-15,NIFRA,272.28,275.4,264.37,267.49,9828
2026-04-16,NIFRA,266.88,268.28,262.93,264.33,48417
2026-04-17,NIFRA,267.02,273.93,256.12,263.02,49941
2026-04-20,NIFRA,264.27,264.65,256.9,257.28,148181
2026-04-21,NIFRA,258.26,260.47,251.37,253.58,39277
2026-04-22,NIFRA,253.1,258.02,252.74,257.65,22122
2026-04-23,NIFRA,256.26,258.0,250.66,252.4,34699
2026-04-24,NIFRA,252.59,256.73,241.87,246.01,35532
2026-04-27,NIFRA,245.5,245.86,243.82,244.18,230064
2026-04-28,NIFRA,242.97,251.76,239.59,248.38,41761
2026-04-29,NIFRA,247.37,249.94,245.86,248.43,16251
2026-04-30,NIFRA,247.75,248.82,246.21,247.28,64906
2026-05-01,NIFRA,248.64,251.11,245.95,248.42,21776
2026-05-04,NIFRA,249.05,250.2,240.4,241.54,27323
2026-05-05,NIFRA,243.1,246.6,241.21,244.71,41626
2026-05-06,NIFRA,243.9,248.95,242.33,247.37,17473
2026-05-07,NIFRA,247.25,248.65,245.09,246.49,19177
2026-05-08,NIFRA,244.83,251.93,244.8,251.91,18545
2026-05-11,NIFRA,252.52,254.18,246.02,247.68,28706
2026-05-12,NIFRA,246.66,256.23,244.08,253.65,29028
2026-05-13,NIFRA,254.59,256.86,252.94,255.21,26959
2026-05-14,NIFRA,255.49,258.42,251.57,254.5,22156
2026-05-15,NIFRA,255.85,257.18,253.94,255.26,59651
2026-05-18,NIFRA,253.96,256.01,253.56,255.61,41226
2026-05-19,NIFRA,255.22,264.84,252.44,262.05,81688
2026-05-20,NIFRA,263.8,267.13,254.39,257.72,43614
2026-05-21,NIFRA,259.18,260.67,253.49,254.98,47497
2026-05-22,NIFRA,254.53,261.89,253.22,260.58,41903
2026-05-25,NIFRA,260.43,263.77,255.21,258.55,70117
2026-05-26,NIFRA,260.14,269.31,254.36,263.53,71212
2026-05-27,NIFRA,264.11,273.57,262.86,272.32,36384
2026-05-28,NIFRA,273.39,276.72,267.6,270.93,15677
2026-05-29,NIFRA,270.71,276.47,269.09,274.86,38165
2026-06-01,NIFRA,276.78,278.75,267.73,269.7,67780
2026-06-02,NIFRA,268.26,276.01,266.23,273.98,28813
2026-06-03,NIFRA,274.25,276.72,273.05,275.53,77024
2026-06-04,NIFRA,276.59,280.6,274.4,278.4,44183
2026-06-05,NIFRA,278.19,282.02,271.82,275.65,68600
2026-06-08,NIFRA,276.21,276.35,267.8,267.94,29993
2026-06-09,NIFRA,267.81,273.81,265.02,271.02,43714
2026-06-10,NIFRA,270.77,272.48,259.85,261.56,20667
2026-06-11,NIFRA,261.25,264.17,257.9,260.81,86825
2026-06-12,NIFRA,260.73,270.06,256.66,265.99,19829
2026-06-15,NIFRA,264.43,273.18,258.85,267.59,15925
2026-06-16,NIFRA,267.72,281.46,263.89,277.64,45878
2026-06-17,NIFRA,276.31,289.55,270.02,283.26,61836
2026-06-18,NIFRA,283.09,283.89,279.52,280.32,50965
2026-06-19,NIFRA,280.08,285.51,275.48,280.91,37858
2026-06-22,NIFRA,283.6,284.14,280.58,281.12,10305
2026-06-23,NIFRA,280.99,282.86,271.68,273.55,51024
2026-06-24,NIFRA,273.5,275.27,267.71,269.48,55650
2026-06-25,NIFRA,270.35,278.68,259.07,267.39,21832
2026-06-26,NIFRA,266.91,268.0,257.16,258.25,12364
2026-06-29,NIFRA,259.01,260.13,258.15,259.27,16906
2026-06-30,NIFRA,259.78,262.49,256.18,258.89,23375
2026-07-01,NIFRA,260.54,260.9,251.52,251.88,56394
2026-07-02,NIFRA,251.64,254.62,251.62,254.6,38023
2026-07-03,NIFRA,252.45,260.05,251.13,258.72,123661
2026-07-06,NIFRA,259.14,260.98,258.73,260.57,35075
2026-07-07,NIFRA,260.38,262.29,257.9,259.81,13909
2026-07-08,NIFRA,258.53,269.35,252.54,263.35,19551
2026-07-09,NIFRA,264.71,268.48,263.53,267.3,36633
2026-07-10,NIFRA,268.64,272.77,265.31,269.44,56308
2026-07-13,NIFRA,270.22,271.65,264.64,266.07,152759
2026-07-14,NIFRA,265.34,273.94,259.49,268.08,96214
2026-07-15,NIFRA,268.62,275.55,267.56,274.5,13156
2026-07-16,NIFRA,273.61,274.07,271.64,272.1,59684
2026-07-17,NIFRA,269.84,285.99,266.81,282.96,35838
2026-07-20,NIFRA,282.75,285.9,277.54,280.69,56243
2026-07-21,NIFRA,281.08,282.29,280.09,281.3,30859
2026-07-22,NIFRA,280.04,283.43,274.95,278.33,55581
2026-07-23,NIFRA,278.18,279.99,278.12,279.94,28160
2026-07-24,NIFRA,281.11,281.94,270.79,271.62,29698
2026-07-27,NIFRA,272.42,276.04,265.93,269.54,32114
2026-07-28,NIFRA,271.28,271.36,264.79,264.87,35870
2026-07-29,NIFRA,263.62,266.99,262.85,266.22,31831
2026-07-30,NIFRA,264.56,273.32,262.9,271.66,40966
2026-07-31,NIFRA,271.71,275.69,271.43,275.41,67663
2026-08-03,NIFRA,277.04,277.93,263.31,264.19,20007
2026-08-04,NIFRA,264.28,274.99,263.91,274.61,19119
2026-08-05,NIFRA,277.17,279.81,273.97,276.62,35946
2026-08-06,NIFRA,276.71,278.09,271.89,273.27,23667
2026-08-07,NIFRA,272.5,279.61,267.5,274.61,15753
2026-08-10,NIFRA,274.48,280.73,269.78,276.03,29508
2026-08-11,NIFRA,274.79,277.22,270.81,273.24,22922
2026-08-12,NIFRA,274.36,274.97,274.17,274.78,49070
2026-08-13,NIFRA,274.87,275.54,271.64,272.32,46172
2026-08-14,NIFRA,271.2,271.74,270.38,270.92,37333
2026-08-17,NIFRA,271.01,273.89,265.3,268.18,27217
2026-08-18,NIFRA,268.14,274.79,255.26,261.92,15637
2026-08-19,NIFRA,262.46,263.7,262.11,263.35,99113
2026-08-20,NIFRA,261.68,268.42,260.11,266.84,59284
2026-08-21,NIFRA,266.38,273.71,262.65,269.99,31114
2026-08-24,NIFRA,270.73,274.78,270.54,274.59,24096
2026-08-25,NIFRA,274.58,277.5,273.82,276.74,39725
2026-08-26,NIFRA,277.23,277.49,274.33,274.6,60252
2026-08-27,NIFRA,275.1,280.4,274.0,279.3,14054
2026-08-28,NIFRA,279.83,279.97,272.81,272.94,56238
2026-08-31,NIFRA,272.22,274.09,267.23,269.09,25733
2026-09-01,NIFRA,270.21,271.63,263.64,265.06,28439
2026-09-02,NIFRA,265.19,273.37,262.73,270.91,33705
2026-09-03,NIFRA,271.72,276.7,271.13,276.11,44149
2026-09-04,NIFRA,275.17,285.41,268.82,279.06,49556
2026-09-07,NIFRA,278.09,286.42,276.58,284.91,36079
2026-09-08,NIFRA,288.24,288.63,280.39,280.78,32516
2026-09-09,NIFRA,281.08,286.18,277.88,282.98,10458
2026-09-10,NIFRA,283.0,283.26,282.49,282.75,58498
2026-09-11,NIFRA,282.18,290.27,279.38,287.47,33177
2026-09-14,NIFRA,286.17,289.4,283.97,287.2,43736
2026-09-15,NIFRA,286.72,290.36,281.91,285.54,19988
2026-09-16,NIFRA,287.6,290.27,286.01,288.68,16631
2026-09-17,NIFRA,288.54,298.98,283.1,293.54,36659
2026-09-18,NIFRA,293.02,293.65,289.59,290.22,32196
2026-09-21,NIFRA,291.43,292.5,289.11,290.18,11237
2026-09-22,NIFRA,290.43,291.48,283.88,284.93,20935
2026-09-23,NIFRA,284.21,288.92,267.77,272.49,35426
2026-09-24,NIFRA,271.84,275.58,270.32,274.05,11992
2025-09-26,NLIC,1195.37,1203.36,1192.01,1200.0,49196
2025-09-29,NLIC,1210.39,1219.02,1175.41,1184.03,74185
2025-09-30,NLIC,1188.9,1209.62,1186.33,1207.06,70512
2025-10-01,NLIC,1203.11,1250.25,1196.1,1243.24,38058
2025-10-02,NLIC,1243.93,1254.55,1221.28,1231.9,14098
2025-10-03,NLIC,1231.53,1241.31,1208.26,1218.04,34703
2025-10-06,NLIC,1211.29,1253.05,1187.05,1228.81,49185
2025-10-07,NLIC,1239.97,1258.15,1202.49,1220.67,28491
2025-10-08,NLIC,1223.45,1229.43,1211.57,1217.55,40834
2025-10-09,NLIC,1219.67,1234.99,1218.45,1233.77,7947
2025-10-10,NLIC,1234.39,1242.52,1182.92,1191.04,31777
2025-10-13,NLIC,1187.83,1244.81,1162.86,1219.84,28514
2025-10-14,NLIC,1215.78,1245.72,1191.46,1221.4,26106
2025-10-15,NLIC,1225.51,1227.29,1210.5,1212.28,41137
2025-10-16,NLIC,1209.7,1226.1,1194.06,1210.45,25224
2025-10-17,NLIC,1212.51,1213.45,1208.85,1209.79,46673
2025-10-20,NLIC,1214.93,1235.75,1151.43,1172.25,42257
2025-10-21,NLIC,1174.33,1221.37,1157.66,1204.69,70318
2025-10-22,NLIC,1211.18,1216.8,1200.23,1205.85,49679
2025-10-23,NLIC,1216.81,1218.0,1214.52,1215.71,61909
2025-10-24,NLIC,1209.51,1243.68,1202.41,1236.58,16764
2025-10-27,NLIC,1237.3,1240.85,1209.92,1213.47,25122
2025-10-28,NLIC,1221.18,1225.63,1219.45,1223.9,55118
2025-10-29,NLIC,1223.36,1237.25,1203.99,1217.89,22404
2025-10-30,NLIC,1215.87,1241.24,1211.08,1236.45,27266
2025-10-31,NLIC,1235.82,1250.74,1173.81,1188.73,25942
2025-11-03,NLIC,1198.49,1233.27,1152.41,1187.19,69791
2025-11-04,NLIC,1187.28,1191.7,1170.49,1174.91,17979
2025-11-05,NLIC,1183.83,1204.99,1163.74,1184.9,39895
2025-11-06,NLIC,1185.73,1207.82,1173.49,1195.58,16284
2025-11-07,NLIC,1196.21,1201.07,1175.93,1180.8,27646
2025-11-10,NLIC,1180.37,1182.92,1163.84,1166.39,34595
2025-11-11,NLIC,1161.44,1165.68,1160.84,1165.07,23618
2025-11-12,NLIC,1169.63,1184.37,1132.56,1147.3,10266
2025-11-13,NLIC,1153.66,1179.49,1140.21,1166.04,30293
2025-11-14,NLIC,1164.35,1194.53,1129.12,1159.3,34943
2025-11-17,NLIC,1156.91,1168.02,1088.66,1099.77,90954
2025-11-18,NLIC,1095.7,1102.98,1087.24,1094.52,13924
2025-11-19,NLIC,1093.58,1097.1,1072.79,1076.31,48909
2025-11-20,NLIC,1078.51,1084.12,1041.64,1047.25,115970
2025-11-21,NLIC,1047.05,1055.42,1018.53,1026.9,32536
2025-11-24,NLIC,1031.75,1035.88,1028.07,1032.19,24924
2025-11-25,NLIC,1032.41,1060.56,1031.93,1060.08,26874
2025-11-26,NLIC,1061.45,1083.51,1046.78,1068.84,35010
2025-11-27,NLIC,1066.56,1071.86,1054.53,1059.83,75545
2025-11-28,NLIC,1067.09,1080.72,1057.7,1071.32,12726
2025-12-01,NLIC,1073.36,1077.99,1060.46,1065.09,22531
2025-12-02,NLIC,1070.54,1075.01,1050.01,1054.49,9603
2025-12-03,NLIC,1043.97,1049.18,1030.24,1035.45,20345
2025-12-04,NLIC,1033.04,1049.43,989.56,1005.95,17955
2025-12-05,NLIC,1014.27,1016.25,1000.46,1002.44,12100
2025-12-08,NLIC,1008.45,1019.5,997.84,1008.9,110704
2025-12-09,NLIC,1003.9,1011.7,1002.85,1010.66,127708
2025-12-10,NLIC,1013.4,1029.45,990.53,1006.58,22304
2025-12-11,NLIC,1005.94,1006.42,992.51,992.99,44289
2025-12-12,NLIC,996.49,1022.21,981.87,1007.59,19026
2025-12-15,NLIC,1008.85,1022.44,973.65,987.24,54843
2025-12-16,NLIC,982.85,1019.56,968.11,1004.82,35543
2025-12-17,NLIC,998.52,1003.78,985.0,990.27,44713
2025-12-18,NLIC,982.98,1007.61,955.98,980.61,35618
2025-12-19,NLIC,981.1,987.24,952.46,958.6,33932
2025-12-22,NLIC,959.49,971.89,941.7,954.09,23062
2025-12-23,NLIC,958.65,996.39,937.3,975.04,64539
2025-12-24,NLIC,975.93,988.55,975.42,988.04,69188
2025-12-25,NLIC,991.61,1011.49,989.35,1009.23,30379
2025-12-26,NLIC,1010.52,1035.64,997.11,1022.22,40799
2025-12-29,NLIC,1023.4,1036.16,992.48,1005.25,22044
2025-12-30,NLIC,1001.97,1009.23,995.57,1002.83,19153
2025-12-31,NLIC,1008.17,1029.26,971.26,992.34,114946
2026-01-01,NLIC,992.63,1032.31,980.15,1019.84,16712
2026-01-02,NLIC,1016.1,1023.06,994.28,1001.24,76400
2026-01-05,NLIC,1005.52,1025.01,1001.47,1020.96,52180
2026-01-06,NLIC,1014.92,1064.7,990.95,1040.73,77307
2026-01-07,NLIC,1036.68,1090.44,1024.32,1078.08,66454
2026-01-08,NLIC,1077.1,1080.7,1069.04,1072.64,22151
2026-01-09,NLIC,1081.44,1096.82,1073.6,1088.99,36330
2026-01-12,NLIC,1085.55,1144.94,1076.66,1136.06,22744
2026-01-13,NLIC,1129.93,1142.1,1112.81,1124.98,28307
2026-01-14,NLIC,1125.48,1125.85,1095.27,1095.64,32615
2026-01-15,NLIC,1098.68,1102.88,1056.6,1060.8,56431
2026-01-16,NLIC,1059.59,1087.81,1048.97,1077.19,74373
2026-01-19,NLIC,1071.27,1080.6,1033.87,1043.2,44841
2026-01-20,NLIC,1043.4,1063.96,1018.69,1039.25,113398
2026-01-21,NLIC,1035.78,1060.48,1025.82,1050.53,57435
2026-01-22,NLIC,1047.87,1073.27,1031.56,1056.96,51941
2026-01-23,NLIC,1055.96,1074.66,1049.19,1067.89,56755
2026-01-26,NLIC,1069.03,1079.37,1064.5,1074.84,29629
2026-01-27,NLIC,1074.3,1106.22,1070.22,1102.14,47795
2026-01-28,NLIC,1101.34,1106.73,1079.98,1085.38,20050
2026-01-29,NLIC,1081.86,1082.23,1074.17,1074.55,18612
2026-01-30,NLIC,1075.46,1078.21,1059.43,1062.17,58088
2026-02-02,NLIC,1063.91,1085.47,1059.25,1080.81,50537
2026-02-03,NLIC,1077.24,1105.69,1072.34,1100.79,39720
2026-02-04,NLIC,1100.83,1115.93,1096.78,1111.89,10384
2026-02-05,NLIC,1121.73,1139.36,1119.9,1137.54,29259
2026-02-06,NLIC,1139.24,1147.35,1106.82,1114.94,43801
2026-02-09,NLIC,1109.33,1164.04,1095.61,1150.32,56321
2026-02-10,NLIC,1149.66,1190.14,1142.68,1183.15,44498
2026-02-11,NLIC,1187.28,1211.86,1174.93,1199.51,18291
2026-02-12,NLIC,1199.2,1248.5,1189.04,1238.35,37938
2026-02-13,NLIC,1237.6,1238.48,1200.12,1201.0,74237
2026-02-16,NLIC,1195.62,1196.62,1189.01,1190.0,28677
2026-02-17,NLIC,1195.86,1197.95,1172.71,1174.81,52148
2026-02-18,NLIC,1186.49,1201.04,1176.36,1190.91,42568
2026-02-19,NLIC,1190.19,1205.1,1154.03,1168.94,50011
2026-02-20,NLIC,1174.63,1195.79,1164.68,1185.83,68488
2026-02-23,NLIC,1184.34,1226.33,1173.73,1215.72,25769
2026-02-24,NLIC,1220.26,1235.08,1216.17,1230.98,31772
2026-02-25,NLIC,1238.13,1251.31,1223.83,1237.0,20956
2026-02-26,NLIC,1236.31,1246.47,1204.45,1214.61,43676
2026-02-27,NLIC,1221.18,1227.46,1189.89,1196.17,46837
2026-03-02,NLIC,1189.3,1223.99,1188.82,1223.51,16490
2026-03-03,NLIC,1213.07,1244.05,1209.59,1240.56,66674
2026-03-04,NLIC,1256.65,1258.61,1237.26,1239.22,145037
2026-03-05,NLIC,1238.7,1240.93,1227.23,1229.46,65995
2026-03-06,NLIC,1221.41,1241.58,1164.22,1184.4,12433
2026-03-09,NLIC,1187.16,1194.39,1155.0,1162.23,48928
2026-03-10,NLIC,1156.65,1216.17,1143.78,1203.3,9048
2026-03-11,NLIC,1199.31,1209.4,1165.77,1175.86,10817
2026-03-12,NLIC,1179.59,1182.41,1177.88,1180.69,33751
2026-03-13,NLIC,1179.94,1208.35,1174.43,1202.84,29075
2026-03-16,NLIC,1199.4,1215.25,1160.12,1175.97,49650
2026-03-17,NLIC,1176.76,1184.5,1172.97,1180.71,19988
2026-03-18,NLIC,1170.42,1203.55,1168.24,1201.37,40420
2026-03-19,NLIC,1194.29,1219.15,1177.12,1201.98,25551
2026-03-20,NLIC,1208.0,1268.52,1203.84,1264.36,27752
2026-03-23,NLIC,1254.4,1262.88,1216.92,1225.41,38640
2026-03-24,NLIC,1226.77,1274.1,1201.27,1248.61,35833
2026-03-25,NLIC,1248.55,1252.56,1240.08,1244.09,22296
2026-03-26,NLIC,1245.21,1271.21,1234.83,1260.83,36701
2026-03-27,NLIC,1267.41,1282.33,1255.02,1269.95,54112
2026-03-30,NLIC,1275.04,1281.96,1245.17,1252.09,26942
2026-03-31,NLIC,1248.28,1266.36,1238.46,1256.54,12548
2026-04-01,NLIC,1247.33,1253.06,1207.99,1213.71,17377
2026-04-02,NLIC,1213.29,1252.44,1187.82,1226.98,33183
2026-04-03,NLIC,1221.86,1237.41,1217.83,1233.38,17973
2026-04-06,NLIC,1230.66,1253.03,1224.87,1247.24,43906
2026-04-07,NLIC,1248.14,1281.63,1236.9,1270.39,79377
2026-04-08,NLIC,1268.29,1285.17,1260.8,1277.68,42375
2026-04-09,NLIC,1277.72,1282.9,1274.64,1279.82,29870
2026-04-10,NLIC,1280.9,1282.97,1256.14,1258.2,20009
2026-04-13,NLIC,1251.21,1263.82,1228.62,1241.23,13902
2026-04-14,NLIC,1242.02,1282.69,1226.6,1267.26,21254
2026-04-15,NLIC,1267.44,1305.66,1260.77,1298.99,11146
2026-04-16,NLIC,1303.2,1311.66,1283.21,1291.67,20003
2026-04-17,NLIC,1287.24,1296.58,1281.82,1291.15,38507
2026-04-20,NLIC,1281.89,1297.93,1252.51,1268.55,28862
2026-04-21,NLIC,1266.53,1295.86,1264.93,1294.26,17846
2026-04-22,NLIC,1295.66,1313.35,1290.42,1308.12,35350
2026-04-23,NLIC,1304.61,1354.33,1302.15,1351.86,73352
2026-04-24,NLIC,1354.5,1370.11,1311.86,1327.47,73801
2026-04-27,NLIC,1326.4,1332.73,1309.69,1316.02,26450
2026-04-28,NLIC,1308.53,1333.02,1294.86,1319.35,20290
2026-04-29,NLIC,1325.88,1337.77,1320.59,1332.48,45609
2026-04-30,NLIC,1330.82,1343.65,1311.94,1324.76,25119
2026-05-01,NLIC,1329.95,1339.19,1292.35,1301.59,15945
2026-05-04,NLIC,1305.9,1341.67,1284.66,1320.42,69878
2026-05-05,NLIC,1319.63,1341.49,1313.45,1335.31,15369
2026-05-06,NLIC,1337.95,1344.82,1303.8,1310.68,79034
2026-05-07,NLIC,1308.76,1355.47,1293.92,1340.63,33164
2026-05-08,NLIC,1343.8,1385.2,1324.73,1366.13,23519
2026-05-11,NLIC,1363.66,1368.73,1360.99,1366.06,22615
2026-05-12,NLIC,1364.88,1364.98,1364.55,1364.64,29053
2026-05-13,NLIC,1366.39,1384.93,1356.37,1374.92,97945
2026-05-14,NLIC,1380.4,1382.29,1348.11,1350.0,15770
2026-05-15,NLIC,1344.07,1349.88,1341.94,1347.76,14970
2026-05-18,NLIC,1354.18,1363.74,1283.07,1292.63,64216
2026-05-19,NLIC,1284.7,1314.6,1281.51,1311.41,32280
2026-05-20,NLIC,1312.33,1316.17,1268.67,1272.51,12012
2026-05-21,NLIC,1272.18,1317.42,1260.56,1305.79,50099
2026-05-22,NLIC,1304.94,1333.41,1267.66,1296.12,39570
2026-05-25,NLIC,1299.71,1310.67,1278.54,1289.49,51510
2026-05-26,NLIC,1279.65,1289.84,1263.2,1273.39,28686
2026-05-27,NLIC,1280.48,1293.16,1252.93,1265.61,55621
2026-05-28,NLIC,1267.53,1302.49,1261.96,1296.92,26012
2026-05-29,NLIC,1305.58,1307.19,1235.53,1237.14,20629
2026-06-01,NLIC,1235.54,1285.61,1215.11,1265.18,80439
2026-06-02,NLIC,1268.14,1289.78,1250.25,1271.88,23340
2026-06-03,NLIC,1272.99,1290.59,1225.51,1243.11,66548
2026-06-04,NLIC,1235.65,1245.95,1208.23,1218.53,34368
2026-06-05,NLIC,1221.2,1256.38,1220.1,1255.28,64199
2026-06-08,NLIC,1264.6,1265.33,1232.41,1233.14,41545
2026-06-09,NLIC,1225.19,1229.37,1203.05,1207.23,31020
2026-06-10,NLIC,1211.87,1236.3,1207.72,1232.16,47929
2026-06-11,NLIC,1233.01,1253.99,1218.39,1239.38,54334
2026-06-12,NLIC,1243.78,1262.39,1199.4,1218.01,57325
2026-06-15,NLIC,1219.9,1223.5,1219.17,1222.76,76857
2026-06-16,NLIC,1221.05,1237.05,1184.09,1200.09,22844
2026-06-17,NLIC,1205.99,1228.87,1201.35,1224.23,25382
2026-06-18,NLIC,1222.21,1277.31,1192.39,1247.49,62823
2026-06-19,NLIC,1249.62,1265.59,1242.86,1258.82,30699
2026-06-22,NLIC,1261.41,1282.35,1245.22,1266.16,22013
2026-06-23,NLIC,1269.05,1333.79,1240.54,1305.28,25632
2026-06-24,NLIC,1304.8,1312.76,1295.41,1303.37,31454
2026-06-25,NLIC,1304.35,1318.57,1259.57,1273.79,23412
2026-06-26,NLIC,1274.04,1307.17,1249.79,1282.91,57601
2026-06-29,NLIC,1284.78,1337.78,1276.69,1329.7,43768
2026-06-30,NLIC,1340.42,1365.04,1278.31,1302.93,78777
2026-07-01,NLIC,1297.19,1302.32,1287.48,1292.61,44736
2026-07-02,NLIC,1294.45,1301.82,1293.32,1300.69,40739
2026-07-03,NLIC,1308.22,1314.79,1291.07,1297.64,51065
2026-07-06,NLIC,1304.71,1318.07,1259.61,1272.97,97184
2026-07-07,NLIC,1267.25,1338.41,1226.35,1297.51,42012
2026-07-08,NLIC,1300.38,1378.09,1272.28,1349.98,26136
2026-07-09,NLIC,1345.8,1377.78,1319.79,1351.77,13180
2026-07-10,NLIC,1341.09,1347.35,1320.51,1326.76,56991
2026-07-13,NLIC,1326.91,1353.5,1260.78,1287.37,10439
2026-07-14,NLIC,1295.83,1299.97,1287.72,1291.86,45088
2026-07-15,NLIC,1291.69,1327.3,1280.33,1315.93,36710
2026-07-16,NLIC,1308.74,1331.3,1302.48,1325.04,51820
2026-07-17,NLIC,1321.7,1358.39,1285.93,1322.62,27093
2026-07-20,NLIC,1322.74,1331.01,1298.01,1306.29,15625
2026-07-21,NLIC,1307.32,1319.92,1266.09,1278.68,34632
2026-07-22,NLIC,1276.22,1304.11,1268.71,1296.6,55143
2026-07-23,NLIC,1296.15,1323.04,1289.33,1316.23,133514
2026-07-24,NLIC,1306.48,1324.67,1259.27,1277.45,58113
2026-07-27,NLIC,1275.83,1321.65,1266.92,1312.75,22726
2026-07-28,NLIC,1321.14,1327.68,1317.7,1324.24,58763
2026-07-29,NLIC,1316.74,1366.94,1305.05,1355.25,18202
2026-07-30,NLIC,1350.87,1388.33,1281.95,1319.41,64474
2026-07-31,NLIC,1318.24,1324.89,1278.1,1284.75,35832
2026-08-03,NLIC,1285.8,1294.61,1271.05,1279.87,57499
2026-08-04,NLIC,1281.4,1310.98,1260.56,1290.13,63542
2026-08-05,NLIC,1293.75,1335.82,1288.23,1330.3,196573
2026-08-06,NLIC,1332.39,1346.12,1330.99,1344.72,23322
2026-08-07,NLIC,1347.19,1349.61,1333.58,1336.0,40819
2026-08-10,NLIC,1337.11,1350.45,1295.35,1308.69,87318
2026-08-11,NLIC,1313.73,1341.68,1307.74,1335.69,31501
2026-08-12,NLIC,1337.18,1347.0,1300.05,1309.88,20526
2026-08-13,NLIC,1304.68,1350.55,1300.39,1346.27,24841
2026-08-14,NLIC,1347.87,1350.4,1333.97,1336.5,17791
2026-08-17,NLIC,1339.55,1386.58,1325.09,1372.12,23793
2026-08-18,NLIC,1371.33,1406.67,1350.02,1385.36,27790
2026-08-19,NLIC,1383.35,1384.91,1376.52,1378.08,10889
2026-08-20,NLIC,1376.4,1381.69,1356.24,1361.52,53114
2026-08-21,NLIC,1370.67,1380.09,1340.49,1349.91,11533
2026-08-24,NLIC,1348.7,1375.15,1330.9,1357.35,60824
2026-08-25,NLIC,1363.54,1364.62,1355.0,1356.08,28784
2026-08-26,NLIC,1363.79,1378.49,1323.76,1338.47,33925
2026-08-27,NLIC,1345.08,1348.03,1328.84,1331.79,19551
2026-08-28,NLIC,1328.65,1339.08,1320.72,1331.15,33546
2026-08-31,NLIC,1323.16,1324.08,1276.71,1277.63,22758
2026-09-01,NLIC,1282.16,1304.29,1264.77,1286.9,34975
2026-09-02,NLIC,1285.38,1288.45,1259.66,1262.73,81957
2026-09-03,NLIC,1263.9,1266.37,1233.1,1235.57,72230
2026-09-04,NLIC,1243.28,1252.59,1188.37,1197.68,14497
2026-09-07,NLIC,1195.9,1214.79,1140.52,1159.41,31394
2026-09-08,NLIC,1157.31,1178.71,1110.86,1132.26,19459
2026-09-09,NLIC,1131.64,1138.44,1112.63,1119.43,64516
2026-09-10,NLIC,1120.8,1163.03,1118.4,1160.62,18820
2026-09-11,NLIC,1168.97,1179.11,1140.61,1150.75,23362
2026-09-14,NLIC,1149.63,1174.86,1130.49,1155.72,36365
2026-09-15,NLIC,1161.6,1177.72,1149.13,1165.25,33979
2026-09-16,NLIC,1164.99,1173.56,1160.45,1169.02,44479
2026-09-17,NLIC,1169.04,1179.46,1157.93,1168.35,52645
2026-09-18,NLIC,1170.13,1188.88,1125.43,1144.18,43782
2026-09-21,NLIC,1132.14,1193.32,1114.28,1175.47,45845
2026-09-22,NLIC,1173.05,1215.69,1171.9,1214.54,42029
2026-09-23,NLIC,1220.02,1220.73,1177.11,1177.82,38241
2026-09-24,NLIC,1182.49,1191.13,1148.26,1156.9,31879
2025-09-26,NTC,848.5,850.75,847.76,850.0,26439
2025-09-29,NTC,848.53,857.64,837.69,846.8,10177
2025-09-30,NTC,845.75,875.41,839.35,869.01,52361
2025-10-01,NTC,871.78,872.12,857.53,857.87,81591
2025-10-02,NTC,859.49,868.39,832.78,841.69,36574
2025-10-03,NTC,844.18,852.43,832.84,841.08,99493
2025-10-06,NTC,847.53,850.41,837.39,840.26,14539
2025-10-07,NTC,843.14,862.19,833.3,852.35,42555
2025-10-08,NTC,852.3,863.34,829.63,840.67,21573
2025-10-09,NTC,835.52,863.65,833.68,861.81,18450
2025-10-10,NTC,864.82,901.02,856.14,892.34,45152
2025-10-13,NTC,891.06,906.43,875.73,891.09,17413
2025-10-14,NTC,889.01,921.25,878.3,910.54,18930
2025-10-15,NTC,908.21,908.48,891.94,892.2,88454
2025-10-16,NTC,887.21,915.53,880.53,908.85,9979
2025-10-17,NTC,906.81,925.28,906.52,925.0,15408
2025-10-20,NTC,927.47,949.18,916.31,938.02,35705
2025-10-21,NTC,940.51,953.28,923.32,936.1,22165
2025-10-22,NTC,939.16,948.35,875.51,884.7,46065
2025-10-23,NTC,881.71,883.19,872.54,874.03,52300
2025-10-24,NTC,873.67,880.2,857.42,863.95,86523
2025-10-27,NTC,858.51,864.12,843.1,848.71,19311
2025-10-28,NTC,849.57,859.32,841.11,850.86,33613
2025-10-29,NTC,852.51,856.81,840.38,844.68,21819
2025-10-30,NTC,842.21,844.75,829.96,832.5,21192
2025-10-31,NTC,831.25,836.46,812.02,817.23,35266
2025-11-03,NTC,805.17,809.48,803.27,807.58,22368
2025-11-04,NTC,812.44,828.16,809.21,824.93,18996
2025-11-05,NTC,829.86,831.19,814.52,815.85,16518
2025-11-06,NTC,813.23,816.42,806.0,809.19,26828
2025-11-07,NTC,806.82,813.27,797.1,803.55,185934
2025-11-10,NTC,807.09,816.41,800.26,809.58,48785
2025-11-11,NTC,810.85,830.36,797.73,817.24,69130
2025-11-12,NTC,820.39,826.99,766.72,773.32,55414
2025-11-13,NTC,772.03,803.79,757.42,789.17,18796
2025-11-14,NTC,793.7,813.88,790.77,810.94,12124
2025-11-17,NTC,811.23,827.71,780.12,796.6,27846
2025-11-18,NTC,799.61,799.67,783.84,783.9,26067
2025-11-19,NTC,790.31,804.9,764.41,779.0,19963
2025-11-20,NTC,782.44,790.59,761.78,769.94,28833
2025-11-21,NTC,771.42,775.21,770.93,774.72,69574
2025-11-24,NTC,779.43,781.93,746.68,749.18,10082
2025-11-25,NTC,746.66,752.26,730.51,736.11,82732
2025-11-26,NTC,734.13,759.77,733.05,758.69,54052
2025-11-27,NTC,760.64,767.32,741.2,747.88,19578
2025-11-28,NTC,747.86,770.35,744.15,766.64,35427
2025-12-01,NTC,760.46,779.07,754.66,773.27,44382
2025-12-02,NTC,770.68,772.85,747.54,749.72,23260
2025-12-03,NTC,738.92,761.92,737.29,760.29,23842
2025-12-04,NTC,761.91,768.57,753.85,760.51,22397
2025-12-05,NTC,765.2,766.83,754.48,756.1,65947
2025-12-08,NTC,754.59,768.2,747.72,761.33,50302
2025-12-09,NTC,760.74,771.46,758.94,769.66,46435
2025-12-10,NTC,774.25,785.81,769.59,781.14,32988
2025-12-11,NTC,785.69,804.15,780.75,799.21,67439
2025-12-12,NTC,800.63,817.64,789.27,806.28,60501
2025-12-15,NTC,802.69,809.71,780.36,787.38,24484
2025-12-16,NTC,784.99,792.76,774.29,782.07,30338
2025-12-17,NTC,781.92,837.98,768.92,824.98,23480
2025-12-18,NTC,826.08,843.81,818.74,836.47,16319
2025-12-19,NTC,837.59,874.82,835.43,872.66,79180
2025-12-22,NTC,870.17,900.35,864.2,894.38,73647
2025-12-23,NTC,889.96,900.3,887.27,897.61,32753
2025-12-24,NTC,898.2,914.71,885.23,901.74,36589
2025-12-25,NTC,896.58,915.06,881.84,900.32,16791
2025-12-26,NTC,901.66,915.74,857.28,871.36,40130
2025-12-29,NTC,872.21,885.65,858.02,871.47,28495
2025-12-30,NTC,871.88,890.3,871.86,890.28,13318
2025-12-31,NTC,892.13,915.99,856.24,880.09,41192
2026-01-01,NTC,882.59,891.71,877.14,886.26,33378
2026-01-02,NTC,888.39,905.03,882.71,899.36,45771
2026-01-05,NTC,904.46,911.62,876.7,883.86,43304
2026-01-06,NTC,888.78,895.17,869.84,876.24,36795
2026-01-07,NTC,879.08,881.8,857.18,859.9,23507
2026-01-08,NTC,860.34,860.79,846.78,847.24,20462
2026-01-09,NTC,842.47,861.65,808.72,827.91,16666
2026-01-12,NTC,830.27,840.98,804.46,815.17,19622
2026-01-13,NTC,819.95,841.99,814.87,836.91,35662
2026-01-14,NTC,831.14,852.54,802.22,823.63,55066
2026-01-15,NTC,826.56,836.2,816.62,826.26,32124
2026-01-16,NTC,827.73,830.11,817.11,819.49,59245
2026-01-19,NTC,822.9,842.76,817.85,837.71,19705
2026-01-20,NTC,834.56,859.93,832.61,857.98,28805
2026-01-21,NTC,858.35,880.27,849.5,871.42,173531
2026-01-22,NTC,871.63,877.74,869.93,876.04,38704
2026-01-23,NTC,875.84,881.4,866.56,872.12,71444
2026-01-26,NTC,869.36,870.33,852.25,853.22,20846
2026-01-27,NTC,853.47,887.24,849.5,883.26,74321
2026-01-28,NTC,882.13,893.8,859.09,870.76,39600
2026-01-29,NTC,867.85,897.15,851.7,881.0,24150
2026-01-30,NTC,881.67,904.56,874.53,897.42,32980
2026-02-02,NTC,898.96,903.89,882.79,887.72,102113
2026-02-03,NTC,880.89,918.6,866.08,903.78,51340
2026-02-04,NTC,904.34,916.97,902.71,915.34,28596
2026-02-05,NTC,915.9,943.79,914.79,942.68,25658
2026-02-06,NTC,940.99,949.35,924.58,932.94,41795
2026-02-09,NTC,936.13,941.58,904.36,909.81,26997
2026-02-10,NTC,913.31,915.87,897.97,900.52,73083
2026-02-11,NTC,899.73,903.64,899.2,903.11,40728
2026-02-12,NTC,902.41,913.58,892.02,903.2,56769
2026-02-13,NTC,902.22,907.97,890.19,895.94,41383
2026-02-16,NTC,898.46,905.59,857.32,864.45,34658
2026-02-17,NTC,863.2,874.14,860.8,871.74,34970
2026-02-18,NTC,874.03,906.54,869.99,902.5,28647
2026-02-19,NTC,907.79,923.68,893.31,909.2,21270
2026-02-20,NTC,906.83,918.82,906.19,918.18,29852
2026-02-23,NTC,917.05,944.99,898.49,926.44,45077
2026-02-24,NTC,922.73,936.71,917.69,931.67,21740
2026-02-25,NTC,928.37,957.19,916.96,945.78,6568
2026-02-26,NTC,953.56,958.73,945.49,950.67,39683
2026-02-27,NTC,948.22,961.58,929.99,943.35,27575
2026-03-02,NTC,946.6,956.04,918.6,928.05,59050
2026-03-03,NTC,930.74,941.4,911.8,922.46,90770
2026-03-04,NTC,933.03,950.66,908.76,926.38,21137
2026-03-05,NTC,925.07,951.04,893.75,919.72,25451
2026-03-06,NTC,917.58,926.71,914.56,923.69,46139
2026-03-09,NTC,922.81,941.94,910.54,929.67,78538
2026-03-10,NTC,930.2,942.69,929.66,942.15,48298
2026-03-11,NTC,935.91,973.41,924.65,962.14,51570
2026-03-12,NTC,962.79,965.36,958.67,961.24,68594
2026-03-13,NTC,957.35,968.53,925.21,936.39,11370
2026-03-16,NTC,941.37,946.47,923.85,928.95,33780
2026-03-17,NTC,927.15,940.68,914.71,928.24,14872
2026-03-18,NTC,929.68,939.77,886.05,896.14,17955
2026-03-19,NTC,895.88,928.04,885.67,917.83,38229
2026-03-20,NTC,920.67,923.23,916.44,919.0,58098
2026-03-23,NTC,921.07,927.18,917.98,924.09,31976
2026-03-24,NTC,922.84,950.59,917.71,945.47,36364
2026-03-25,NTC,943.74,946.3,930.34,932.9,24017
2026-03-26,NTC,937.79,945.4,933.39,941.0,73325
2026-03-27,NTC,945.86,957.63,925.63,937.41,30004
2026-03-30,NTC,934.01,939.61,927.05,932.66,39544
2026-03-31,NTC,927.12,930.0,915.28,918.16,52310
2026-04-01,NTC,917.52,957.2,904.81,944.49,82133
2026-04-02,NTC,947.7,949.47,934.51,936.29,9593
2026-04-03,NTC,941.89,969.35,919.0,946.46,30614
2026-04-06,NTC,947.55,965.55,894.65,912.65,15269
2026-04-07,NTC,914.15,935.1,910.01,930.96,20643
2026-04-08,NTC,933.96,957.72,923.35,947.1,65218
2026-04-09,NTC,941.74,946.97,941.65,946.88,65298
2026-04-10,NTC,941.62,944.16,938.59,941.14,81733
2026-04-13,NTC,940.98,966.04,921.12,946.18,132650
2026-04-14,NTC,944.74,984.2,943.84,983.3,24877
2026-04-15,NTC,980.23,995.78,933.76,949.31,56452
2026-04-16,NTC,947.56,966.11,942.19,960.74,67383
2026-04-17,NTC,959.18,962.76,939.17,942.76,71659
2026-04-20,NTC,945.19,960.21,925.62,940.64,24517
2026-04-21,NTC,940.94,945.72,929.95,934.72,44026
2026-04-22,NTC,937.43,946.57,916.79,925.93,38227
2026-04-23,NTC,922.49,940.24,906.63,924.38,26836
2026-04-24,NTC,931.37,932.03,903.51,904.17,41894
2026-04-27,NTC,904.97,927.77,897.23,920.04,29399
2026-04-28,NTC,922.18,925.06,886.2,889.09,75022
2026-04-29,NTC,894.91,897.39,894.7,897.17,62618
2026-04-30,NTC,905.1,911.41,884.87,891.17,44187
2026-05-01,NTC,897.07,904.35,864.51,871.79,126331
2026-05-04,NTC,870.04,875.07,869.75,874.78,32747
2026-05-05,NTC,879.26,885.33,843.95,850.02,51138
2026-05-06,NTC,855.11,855.98,850.02,850.88,30100
2026-05-07,NTC,849.9,858.45,820.78,829.33,47033
2026-05-08,NTC,829.14,837.82,828.19,836.87,28957
2026-05-11,NTC,834.41,845.49,812.38,823.45,23291
2026-05-12,NTC,826.67,844.01,800.19,817.53,8681
2026-05-13,NTC,811.6,827.37,806.95,822.72,20528
2026-05-14,NTC,822.27,847.76,786.57,812.06,18303
2026-05-15,NTC,806.78,812.67,806.29,812.18,38167
2026-05-18,NTC,817.06,820.34,787.73,791.01,84695
2026-05-19,NTC,789.98,807.63,783.69,801.33,119518
2026-05-20,NTC,796.83,840.81,783.98,827.95,34535
2026-05-21,NTC,827.28,889.85,807.66,870.24,32534
2026-05-22,NTC,873.53,886.1,858.95,871.51,64338
2026-05-25,NTC,869.32,890.67,862.35,883.7,23765
2026-05-26,NTC,883.99,895.05,843.88,854.94,18991
2026-05-27,NTC,853.49,888.56,843.15,878.22,27078
2026-05-28,NTC,879.86,894.96,875.07,890.17,38079
2026-05-29,NTC,890.82,893.36,879.3,881.84,20031
2026-06-01,NTC,882.37,902.03,881.43,901.09,14737
2026-06-02,NTC,897.91,906.83,887.22,896.15,38337
2026-06-03,NTC,899.46,909.8,877.71,888.05,37071
2026-06-04,NTC,891.42,898.37,888.17,895.12,54437
2026-06-05,NTC,892.28,897.7,871.88,877.31,10473
2026-06-08,NTC,877.02,894.52,875.64,893.14,71805
2026-06-09,NTC,897.91,901.05,872.38,875.52,23898
2026-06-10,NTC,873.67,883.45,848.94,858.71,57904
2026-06-11,NTC,859.52,871.84,832.41,844.73,11038
2026-06-12,NTC,846.22,858.93,843.93,856.64,26566
2026-06-15,NTC,859.54,868.44,838.35,847.25,34129
2026-06-16,NTC,847.4,851.44,822.96,827.0,176663
2026-06-17,NTC,830.85,840.29,809.24,818.68,47161
2026-06-18,NTC,810.84,820.42,809.47,819.06,24163
2026-06-19,NTC,812.92,816.77,798.63,802.49,18134
2026-06-22,NTC,802.37,817.96,771.4,786.99,59353
2026-06-23,NTC,788.3,827.36,779.24,818.3,20372
2026-06-24,NTC,812.55,828.14,790.9,806.48,16959
2026-06-25,NTC,805.97,813.11,795.73,802.86,19761
2026-06-26,NTC,802.12,804.82,795.98,798.69,36546
2026-06-29,NTC,794.92,803.97,784.78,793.83,46687
2026-06-30,NTC,792.77,804.11,792.66,804.0,61768
2026-07-01,NTC,800.95,826.03,793.76,818.83,32555
2026-07-02,NTC,817.94,820.23,812.88,815.17,51586
2026-07-03,NTC,821.14,823.39,795.69,797.94,14498
2026-07-06,NTC,795.04,818.46,794.04,817.46,52180
2026-07-07,NTC,818.59,831.8,803.72,816.93,24883
2026-07-08,NTC,812.2,849.44,806.01,843.25,27472
2026-07-09,NTC,843.17,851.95,800.78,809.55,52923
2026-07-10,NTC,810.41,826.96,796.87,813.42,25970
2026-07-13,NTC,811.64,846.39,807.71,842.45,26831
2026-07-14,NTC,845.57,858.3,824.77,837.5,28807
2026-07-15,NTC,834.03,836.11,832.51,834.59,47172
2026-07-16,NTC,834.12,845.98,827.72,839.59,61494
2026-07-17,NTC,839.51,846.09,825.02,831.6,12570
2026-07-20,NTC,837.41,862.17,802.77,827.54,56027
2026-07-21,NTC,827.16,833.36,816.99,823.19,26211
2026-07-22,NTC,824.06,834.35,804.36,814.66,22685
2026-07-23,NTC,818.31,837.53,814.39,833.6,94850
2026-07-24,NTC,836.13,853.95,823.27,841.09,31207
2026-07-27,NTC,842.09,872.72,814.69,845.32,36275
2026-07-28,NTC,845.5,859.17,844.3,857.97,16386
2026-07-29,NTC,860.14,864.9,849.22,853.98,54688
2026-07-30,NTC,856.04,864.02,834.28,842.26,28395
2026-07-31,NTC,842.56,843.15,832.93,833.53,38739
2026-08-03,NTC,835.67,844.0,825.8,834.12,126298
2026-08-04,NTC,834.39,852.46,800.72,818.78,3633
2026-08-05,NTC,817.01,827.06,802.21,812.26,22451
2026-08-06,NTC,810.81,814.02,802.47,805.68,52436
2026-08-07,NTC,802.2,850.63,789.14,837.57,44618
2026-08-10,NTC,839.72,844.68,791.29,796.25,22646
2026-08-11,NTC,794.63,802.69,786.86,794.92,41936
2026-08-12,NTC,788.41,833.07,776.21,820.88,31810
2026-08-13,NTC,815.45,834.46,804.48,823.49,64872
2026-08-14,NTC,824.97,839.97,820.42,835.42,63108
2026-08-17,NTC,833.97,841.47,829.95,837.46,134785
2026-08-18,NTC,839.92,841.96,825.85,827.89,36454
2026-08-19,NTC,821.12,835.82,780.47,795.16,25657
2026-08-20,NTC,797.67,807.81,789.23,799.37,62846
2026-08-21,NTC,804.54,812.33,781.61,789.4,20354
2026-08-24,NTC,789.37,791.03,777.73,779.39,32717
2026-08-25,NTC,777.19,787.55,763.56,773.92,16159
2026-08-26,NTC,772.68,800.0,772.52,799.84,275523
2026-08-27,NTC,798.53,841.3,792.88,835.65,19270
2026-08-28,NTC,832.22,855.24,816.44,839.45,38908
2026-08-31,NTC,843.22,855.11,821.0,832.89,41666
2026-09-01,NTC,833.78,836.42,813.19,815.82,26604
2026-09-02,NTC,815.21,837.76,801.05,823.61,34482
2026-09-03,NTC,822.96,869.65,804.11,850.8,59987
2026-09-04,NTC,848.24,857.29,838.2,847.25,58432
2026-09-07,NTC,850.83,862.81,799.3,811.28,26389
2026-09-08,NTC,807.63,825.24,804.43,822.04,45561
2026-09-09,NTC,824.61,858.01,804.01,837.41,21621
2026-09-10,NTC,836.35,845.59,804.76,814.01,82842
2026-09-11,NTC,804.42,824.12,797.83,817.53,19881
2026-09-14,NTC,818.02,832.83,810.23,825.04,19648
2026-09-15,NTC,818.74,829.91,813.52,824.68,34440
2026-09-16,NTC,827.34,845.33,795.69,813.68,135164
2026-09-17,NTC,817.03,836.82,809.71,829.5,118710
2026-09-18,NTC,828.88,831.99,821.02,824.13,67480
2026-09-21,NTC,822.55,834.22,791.17,802.84,23554
2026-09-22,NTC,805.52,806.59,773.28,774.36,58621
2026-09-23,NTC,780.28,804.85,768.98,793.54,24718
2026-09-24,NTC,790.68,805.77,788.55,803.64,183321
2025-09-26,SHIVM,501.27,501.91,499.36,500.0,26915
2025-09-29,SHIVM,499.1,513.92,489.65,504.47,46356
2025-09-30,SHIVM,502.1,507.13,490.35,495.38,67254
2025-10-01,SHIVM,496.1,500.35,492.88,497.12,26743
2025-10-02,SHIVM,498.9,499.77,477.12,477.99,17392
2025-10-03,SHIVM,478.35,485.99,475.06,482.71,153422
2025-10-06,SHIVM,486.65,493.14,482.43,488.92,120892
2025-10-07,SHIVM,488.34,496.35,487.86,495.87,23974
2025-10-08,SHIVM,493.08,493.41,492.23,492.57,34691
2025-10-09,SHIVM,491.37,503.02,483.95,495.6,31431
2025-10-10,SHIVM,496.35,517.19,487.7,508.54,42560
2025-10-13,SHIVM,508.1,521.8,507.77,521.46,30465
2025-10-14,SHIVM,521.4,524.02,518.28,520.9,43869
2025-10-15,SHIVM,523.24,524.36,520.8,521.93,54513
2025-10-16,SHIVM,525.1,533.09,524.07,532.06,46730
2025-10-17,SHIVM,533.35,540.1,510.42,517.16,12026
2025-10-20,SHIVM,517.44,524.15,507.25,513.96,35200
2025-10-21,SHIVM,513.25,527.66,511.77,526.18,41615
2025-10-22,SHIVM,528.86,538.19,525.7,535.02,33922
2025-10-23,SHIVM,533.04,540.05,530.99,537.99,42670
2025-10-24,SHIVM,538.83,539.8,521.77,522.75,19607
2025-10-27,SHIVM,524.06,532.42,513.61,521.96,88502
2025-10-28,SHIVM,525.28,530.58,510.82,516.12,43059
2025-10-29,SHIVM,515.3,519.05,515.26,519.02,15824
2025-10-30,SHIVM,517.41,522.46,506.17,511.22,22745
2025-10-31,SHIVM,507.37,512.34,496.73,501.7,14557
2025-11-03,SHIVM,502.29,502.38,483.08,483.17,48573
2025-11-04,SHIVM,488.06,495.76,486.57,494.27,31674
2025-11-05,SHIVM,492.69,493.83,489.84,490.97,39118
2025-11-06,SHIVM,493.34,496.37,489.66,492.69,14860
2025-11-07,SHIVM,493.57,494.78,491.75,492.96,51649
2025-11-10,SHIVM,494.03,494.06,483.74,483.77,22350
2025-11-11,SHIVM,485.69,493.07,465.9,473.27,16204
2025-11-12,SHIVM,471.29,476.29,460.35,465.35,54545
2025-11-13,SHIVM,464.74,470.65,454.17,460.08,47706
2025-11-14,SHIVM,460.56,464.3,460.25,463.99,19158
2025-11-17,SHIVM,462.85,465.58,455.42,458.15,29888
2025-11-18,SHIVM,458.34,474.58,457.21,473.46,36841
2025-11-19,SHIVM,472.89,486.48,469.27,482.86,36363
2025-11-20,SHIVM,481.96,497.1,475.22,490.36,45826
2025-11-21,SHIVM,492.63,498.88,483.38,489.64,77789
2025-11-24,SHIVM,492.3,509.6,486.03,503.33,33317
2025-11-25,SHIVM,502.33,504.43,499.34,501.44,63185
2025-11-26,SHIVM,499.81,503.32,497.77,501.28,18049
2025-11-27,SHIVM,501.66,510.28,494.31,502.94,51199
2025-11-28,SHIVM,502.7,512.7,499.39,509.39,18138
2025-12-01,SHIVM,511.73,518.7,508.22,515.19,27152
2025-12-02,SHIVM,512.97,513.7,509.89,510.62,44442
2025-12-03,SHIVM,512.76,515.07,503.35,505.66,57764
2025-12-04,SHIVM,505.4,514.06,502.87,511.52,26090
2025-12-05,SHIVM,509.77,525.38,502.41,518.02,40901
2025-12-08,SHIVM,518.33,520.0,512.47,514.14,30301
2025-12-09,SHIVM,514.27,518.93,494.65,499.31,55378
2025-12-10,SHIVM,491.48,506.44,482.65,497.61,43056
2025-12-11,SHIVM,497.19,510.57,490.02,503.4,30295
2025-12-12,SHIVM,504.2,528.09,495.95,519.84,40115
2025-12-15,SHIVM,520.6,524.86,504.12,508.37,27595
2025-12-16,SHIVM,506.11,511.52,499.04,504.45,44088
2025-12-17,SHIVM,504.86,512.61,493.22,500.98,40773
2025-12-18,SHIVM,497.84,521.94,489.23,513.33,25322
2025-12-19,SHIVM,514.02,518.24,508.67,512.89,40464
2025-12-22,SHIVM,511.68,516.5,499.58,504.4,76651
2025-12-23,SHIVM,505.16,509.8,504.9,509.54,33890
2025-12-24,SHIVM,511.44,517.42,499.8,505.78,49115
2025-12-25,SHIVM,503.73,515.14,483.27,494.67,59488
2025-12-26,SHIVM,494.98,501.37,480.59,486.98,65244
2025-12-29,SHIVM,486.58,512.99,476.16,502.58,25901
2025-12-30,SHIVM,503.35,509.7,499.8,506.15,71140
2025-12-31,SHIVM,506.57,507.84,505.89,507.16,38893
2026-01-01,SHIVM,504.95,504.96,504.88,504.89,70619
2026-01-02,SHIVM,505.68,509.09,504.19,507.59,22383
2026-01-05,SHIVM,507.24,512.5,504.89,510.15,14465
2026-01-06,SHIVM,508.93,521.44,500.27,512.78,49687
2026-01-07,SHIVM,510.69,517.09,507.34,513.73,22274
2026-01-08,SHIVM,513.01,524.01,510.63,521.64,133160
2026-01-09,SHIVM,523.78,529.28,516.06,521.56,73214
2026-01-12,SHIVM,519.01,524.13,506.97,512.09,18692
2026-01-13,SHIVM,510.97,517.72,499.59,506.35,17140
2026-01-14,SHIVM,505.86,507.97,486.23,488.33,42661
2026-01-15,SHIVM,486.72,507.79,485.44,506.52,54797
2026-01-16,SHIVM,506.21,517.7,502.92,514.41,54833
2026-01-19,SHIVM,513.24,516.49,503.33,506.58,51792
2026-01-20,SHIVM,505.8,510.12,499.71,504.03,50688
2026-01-21,SHIVM,505.25,515.49,488.09,498.32,48222
2026-01-22,SHIVM,496.18,515.06,493.46,512.34,38923
2026-01-23,SHIVM,513.0,513.15,499.0,499.15,38944
2026-01-26,SHIVM,498.53,502.24,496.63,500.34,37615
2026-01-27,SHIVM,499.7,505.84,493.38,499.51,83658
2026-01-28,SHIVM,499.47,508.72,497.85,507.1,113286
2026-01-29,SHIVM,504.85,513.05,497.96,506.16,101480
2026-01-30,SHIVM,505.67,505.9,489.94,490.17,17685
2026-02-02,SHIVM,491.24,493.42,486.11,488.29,18831
2026-02-03,SHIVM,487.64,488.31,479.45,480.12,42344
2026-02-04,SHIVM,482.53,487.92,475.95,481.34,62912
2026-02-05,SHIVM,480.92,496.06,479.13,494.27,33461
2026-02-06,SHIVM,493.39,497.12,475.33,479.05,30879
2026-02-09,SHIVM,480.87,488.49,465.07,472.7,63626
2026-02-10,SHIVM,470.59,472.32,466.92,468.65,35422
2026-02-11,SHIVM,466.3,470.82,461.64,466.16,53206
2026-02-12,SHIVM,468.14,484.13,457.15,473.14,84831
2026-02-13,SHIVM,474.98,476.01,471.28,472.32,23606
2026-02-16,SHIVM,473.55,480.31,469.76,476.52,43215
2026-02-17,SHIVM,475.49,481.7,465.53,471.74,32460
2026-02-18,SHIVM,469.8,474.82,469.34,474.37,41612
2026-02-19,SHIVM,476.35,489.92,468.07,481.64,37346
2026-02-20,SHIVM,480.03,482.51,473.31,475.79,31547
2026-02-23,SHIVM,476.83,486.41,473.5,483.08,23781
2026-02-24,SHIVM,484.35,488.45,479.91,484.01,23543
2026-02-25,SHIVM,484.25,493.87,483.95,493.57,43793
2026-02-26,SHIVM,491.08,496.28,486.85,492.06,11536
2026-02-27,SHIVM,495.6,498.55,492.79,495.74,122186
2026-03-02,SHIVM,495.35,504.68,486.28,495.61,12465
2026-03-03,SHIVM,494.39,506.58,482.79,494.99,32246
2026-03-04,SHIVM,496.7,504.01,490.23,497.54,41624
2026-03-05,SHIVM,495.63,507.02,491.16,502.55,42297
2026-03-06,SHIVM,503.33,506.76,487.92,491.34,19520
2026-03-09,SHIVM,492.18,507.62,488.9,504.34,19102
2026-03-10,SHIVM,505.73,509.55,483.7,487.52,31548
2026-03-11,SHIVM,488.5,496.16,474.24,481.9,27119
2026-03-12,SHIVM,482.02,482.07,481.53,481.58,23457
2026-03-13,SHIVM,482.93,490.08,478.5,485.65,60304
2026-03-16,SHIVM,488.59,502.87,485.58,499.85,26237
2026-03-17,SHIVM,498.05,506.14,475.2,483.29,19779
2026-03-18,SHIVM,482.42,490.86,470.9,479.34,26843
2026-03-19,SHIVM,479.81,482.23,459.1,461.53,17751
2026-03-20,SHIVM,460.84,464.46,459.02,462.64,12511
2026-03-23,SHIVM,461.21,470.3,456.64,465.73,85834
2026-03-24,SHIVM,466.97,480.76,466.05,479.85,14776
2026-03-25,SHIVM,482.34,488.09,475.67,481.42,10948
2026-03-26,SHIVM,482.37,494.43,478.91,490.97,53457
2026-03-27,SHIVM,490.37,499.82,487.0,496.45,25376
2026-03-30,SHIVM,498.83,499.37,492.24,492.78,22865
2026-03-31,SHIVM,491.24,496.05,475.76,480.57,21838
2026-04-01,SHIVM,482.35,487.43,478.39,483.47,60527
2026-04-02,SHIVM,482.57,488.77,464.75,470.95,59503
2026-04-03,SHIVM,468.93,482.82,468.73,482.62,47810
2026-04-06,SHIVM,486.08,489.53,478.25,481.69,91757
2026-04-07,SHIVM,484.31,495.53,481.34,492.55,37755
2026-04-08,SHIVM,495.46,499.2,484.85,488.59,42078
2026-04-09,SHIVM,485.26,492.58,484.0,491.32,34548
2026-04-10,SHIVM,493.18,497.56,489.12,493.49,49149
2026-04-13,SHIVM,489.59,496.04,486.92,493.37,26980
2026-04-14,SHIVM,492.75,494.24,488.31,489.8,52634
2026-04-15,SHIVM,490.05,503.41,480.25,493.61,31887
2026-04-16,SHIVM,493.86,495.12,484.4,485.66,22093
2026-04-17,SHIVM,486.53,487.1,474.94,475.51,41184
2026-04-20,SHIVM,476.33,488.98,474.11,486.75,12542
2026-04-21,SHIVM,485.45,496.67,482.3,493.53,18816
2026-04-22,SHIVM,494.39,499.85,488.92,494.39,31775
2026-04-23,SHIVM,495.34,518.04,486.77,509.47,15309
2026-04-24,SHIVM,509.95,510.66,506.26,506.97,61780
2026-04-27,SHIVM,504.2,528.3,494.96,519.05,35189
2026-04-28,SHIVM,519.95,521.89,518.52,520.45,41332
2026-04-29,SHIVM,519.54,521.34,508.78,510.58,18585
2026-04-30,SHIVM,511.52,532.72,506.31,527.51,62985
2026-05-01,SHIVM,526.12,538.16,524.45,536.49,19015
2026-05-04,SHIVM,534.26,536.62,532.34,534.7,110105
2026-05-05,SHIVM,535.28,548.19,528.21,541.12,92977
2026-05-06,SHIVM,541.5,544.71,533.24,536.46,20310
2026-05-07,SHIVM,538.11,551.36,530.59,543.84,89651
2026-05-08,SHIVM,541.36,543.64,517.36,519.64,8309
2026-05-11,SHIVM,519.41,524.41,504.85,509.85,94795
2026-05-12,SHIVM,510.48,522.28,506.98,518.79,28564
2026-05-13,SHIVM,521.71,524.72,513.22,516.23,40963
2026-05-14,SHIVM,514.84,528.87,503.95,517.98,21700
2026-05-15,SHIVM,519.14,521.9,502.44,505.2,34048
2026-05-18,SHIVM,507.86,522.45,507.45,522.05,23911
2026-05-19,SHIVM,520.65,542.87,510.71,532.93,38312
2026-05-20,SHIVM,533.2,534.69,528.98,530.47,47417
2026-05-21,SHIVM,528.87,531.15,523.83,526.12,18513
2026-05-22,SHIVM,525.1,548.88,511.69,535.47,55244
2026-05-25,SHIVM,534.88,562.89,525.97,553.98,33647
2026-05-26,SHIVM,547.95,565.12,545.29,562.46,40122
2026-05-27,SHIVM,563.19,589.92,556.49,583.22,19500
2026-05-28,SHIVM,582.58,587.47,566.88,571.77,19314
2026-05-29,SHIVM,569.04,571.71,559.19,561.86,12089
2026-06-01,SHIVM,558.95,564.54,543.03,548.62,32623
2026-06-02,SHIVM,547.27,556.23,543.11,552.08,22134
2026-06-03,SHIVM,554.55,555.8,551.59,552.84,18005
2026-06-04,SHIVM,549.01,551.15,548.18,550.32,28683
2026-06-05,SHIVM,548.44,557.59,548.25,557.4,27606
2026-06-08,SHIVM,557.57,576.66,549.56,568.65,68419
2026-06-09,SHIVM,567.23,573.29,545.59,551.64,49095
2026-06-10,SHIVM,548.35,554.95,538.14,544.74,32817
2026-06-11,SHIVM,544.52,553.53,542.96,551.97,8216
2026-06-12,SHIVM,555.33,558.06,543.6,546.34,38948
2026-06-15,SHIVM,545.22,550.76,532.1,537.64,105024
2026-06-16,SHIVM,539.02,551.83,534.04,546.85,44974
2026-06-17,SHIVM,546.41,549.94,529.77,533.3,34656
2026-06-18,SHIVM,536.52,539.43,526.94,529.85,71040
2026-06-19,SHIVM,530.33,540.07,522.77,532.51,56503
2026-06-22,SHIVM,531.17,534.43,523.22,526.48,208660
2026-06-23,SHIVM,524.2,540.32,517.39,533.5,41779
2026-06-24,SHIVM,531.72,542.88,516.32,527.48,30961
2026-06-25,SHIVM,527.45,546.26,521.62,540.44,29709
2026-06-26,SHIVM,541.03,544.07,535.46,538.5,67390
2026-06-29,SHIVM,539.16,551.37,532.13,544.34,43262
2026-06-30,SHIVM,545.41,552.03,544.23,550.85,37537
2026-07-01,SHIVM,553.48,553.49,543.67,543.67,90189
2026-07-02,SHIVM,543.69,551.57,514.91,522.79,24023
2026-07-03,SHIVM,523.63,527.5,522.0,525.86,54266
2026-07-06,SHIVM,521.84,526.75,521.25,526.16,20352
2026-07-07,SHIVM,520.39,535.79,515.63,531.03,74047
2026-07-08,SHIVM,533.83,536.58,525.61,528.37,32236
2026-07-09,SHIVM,529.28,540.08,513.04,523.83,78025
2026-07-10,SHIVM,522.44,547.45,517.43,542.43,38256
2026-07-13,SHIVM,540.65,543.46,524.49,527.3,64423
2026-07-14,SHIVM,525.41,540.24,519.02,533.84,18724
2026-07-15,SHIVM,534.16,542.02,519.9,527.76,72904
2026-07-16,SHIVM,524.58,525.55,523.17,524.14,60112
2026-07-17,SHIVM,522.79,531.57,512.02,520.8,27251
2026-07-20,SHIVM,524.18,526.83,510.35,512.99,26584
2026-07-21,SHIVM,514.29,525.06,507.38,518.16,58655
2026-07-22,SHIVM,517.0,530.94,516.97,530.9,65948
2026-07-23,SHIVM,529.27,537.72,526.45,534.9,37401
2026-07-24,SHIVM,536.37,543.6,528.07,535.31,31028
2026-07-27,SHIVM,535.24,537.53,522.92,525.21,37204
2026-07-28,SHIVM,526.45,534.46,521.71,529.72,33062
2026-07-29,SHIVM,530.57,554.01,526.37,549.81,28114
2026-07-30,SHIVM,549.49,550.17,544.43,545.11,49175
2026-07-31,SHIVM,544.26,546.25,538.62,540.6,118332
2026-08-03,SHIVM,538.96,543.98,529.41,534.43,51152
2026-08-04,SHIVM,535.27,535.89,528.52,529.14,39434
2026-08-05,SHIVM,529.88,535.85,496.56,502.54,34987
2026-08-06,SHIVM,503.01,511.58,497.73,506.3,39061
2026-08-07,SHIVM,506.11,507.68,497.05,498.62,36517
2026-08-10,SHIVM,497.12,499.96,481.5,484.35,19947
2026-08-11,SHIVM,482.64,498.2,475.8,491.36,32710
2026-08-12,SHIVM,490.83,491.32,481.61,482.11,8835
2026-08-13,SHIVM,484.2,491.76,472.11,479.66,47451
2026-08-14,SHIVM,477.78,502.25,468.38,492.85,112710
2026-08-17,SHIVM,493.32,497.96,476.0,480.64,16910
2026-08-18,SHIVM,481.38,481.45,467.83,467.9,33096
2026-08-19,SHIVM,468.08,474.27,464.72,470.91,26543
2026-08-20,SHIVM,472.43,484.07,469.71,481.34,24532
2026-08-21,SHIVM,483.69,487.98,463.92,468.2,13343
2026-08-24,SHIVM,472.06,477.73,466.71,472.38,42243
2026-08-25,SHIVM,474.33,480.84,471.47,477.98,30782
2026-08-26,SHIVM,475.47,476.31,459.99,460.83,39465
2026-08-27,SHIVM,461.78,470.64,459.45,468.31,68820
2026-08-28,SHIVM,467.31,480.13,463.62,476.43,113244
2026-08-31,SHIVM,476.82,477.53,473.64,474.35,34884
2026-09-01,SHIVM,477.43,489.67,473.44,485.67,26459
2026-09-02,SHIVM,484.8,501.63,479.21,496.03,10926
2026-09-03,SHIVM,494.11,500.42,490.87,497.18,52599
2026-09-04,SHIVM,498.95,502.27,490.02,493.35,84043
2026-09-07,SHIVM,492.92,496.71,481.2,484.99,39524
2026-09-08,SHIVM,484.73,492.49,477.33,485.1,21671
2026-09-09,SHIVM,490.09,493.91,486.68,490.51,49015
2026-09-10,SHIVM,489.8,499.51,478.26,487.98,39085
2026-09-11,SHIVM,486.55,486.96,468.65,469.06,42073
2026-09-14,SHIVM,467.28,486.46,461.31,480.49,53502
2026-09-15,SHIVM,481.52,487.56,476.62,482.65,15967
2026-09-16,SHIVM,481.16,489.63,471.37,479.84,31754
2026-09-17,SHIVM,478.75,489.38,477.14,487.77,39578
2026-09-18,SHIVM,489.64,504.43,486.76,501.54,58389
2026-09-21,SHIVM,501.25,502.06,475.55,476.37,148667
2026-09-22,SHIVM,474.61,485.25,470.04,480.68,38560
2026-09-23,SHIVM,480.42,481.99,467.28,468.85,17366
2026-09-24,SHIVM,472.25,475.74,470.3,473.79,51402
2025-09-26,UPPER,402.24,406.14,396.1,400.0,24904
2025-09-29,UPPER,398.34,399.44,395.93,397.03,32142
2025-09-30,UPPER,398.08,404.72,397.93,404.57,69850
2025-10-01,UPPER,401.39,405.15,398.38,402.14,35855
2025-10-02,UPPER,402.55,403.71,394.93,396.09,29851
2025-10-03,UPPER,398.5,403.39,397.99,402.89,45662
2025-10-06,UPPER,402.08,403.58,399.06,400.55,32796
2025-10-07,UPPER,400.26,406.76,390.49,396.99,35886
2025-10-08,UPPER,398.73,400.65,396.31,398.23,117700
2025-10-09,UPPER,398.36,405.73,396.54,403.91,37125
2025-10-10,UPPER,405.12,431.31,395.07,421.27,39359
2025-10-13,UPPER,420.07,429.05,418.24,427.22,28834
2025-10-14,UPPER,428.97,437.48,427.18,435.69,28933
2025-10-15,UPPER,436.44,445.42,422.09,431.07,16891
2025-10-16,UPPER,429.95,430.49,422.03,422.57,9733
2025-10-17,UPPER,423.76,430.52,415.94,422.7,50007
2025-10-20,UPPER,420.36,423.86,419.66,423.16,27168
2025-10-21,UPPER,421.38,424.87,411.09,414.58,7950
2025-10-22,UPPER,414.35,415.28,412.16,413.09,39392
2025-10-23,UPPER,414.15,418.95,411.12,415.92,42415
2025-10-24,UPPER,413.39,423.41,408.39,418.41,49155
2025-10-27,UPPER,416.33,424.59,413.69,421.95,14739
2025-10-28,UPPER,420.83,426.98,417.67,423.82,57071
2025-10-29,UPPER,422.37,424.95,417.0,419.58,25160
2025-10-30,UPPER,419.6,424.24,410.76,415.41,32612
2025-10-31,UPPER,417.56,418.0,405.8,406.25,23167
2025-11-03,UPPER,406.59,424.81,401.08,419.3,32983
2025-11-04,UPPER,417.52,429.6,407.04,419.12,29371
2025-11-05,UPPER,420.71,425.86,412.01,417.15,100058
2025-11-06,UPPER,419.19,426.03,403.09,409.94,32254
2025-11-07,UPPER,407.2,433.1,405.62,431.52,123195
2025-11-10,UPPER,430.67,432.65,420.65,422.63,80566
2025-11-11,UPPER,423.32,427.4,414.94,419.02,32742
2025-11-12,UPPER,418.91,424.58,416.22,421.88,15205
2025-11-13,UPPER,423.65,426.43,423.33,426.11,35684
2025-11-14,UPPER,424.32,436.38,420.97,433.03,35747
2025-11-17,UPPER,434.32,449.32,431.53,446.53,37008
2025-11-18,UPPER,448.47,452.8,445.37,449.69,54993
2025-11-19,UPPER,447.9,449.1,438.96,440.16,36254
2025-11-20,UPPER,439.56,441.89,435.04,437.37,29006
2025-11-21,UPPER,433.95,443.42,429.65,439.11,24321
2025-11-24,UPPER,436.74,455.61,435.86,454.73,36658
2025-11-25,UPPER,456.59,465.0,433.78,442.18,97355
2025-11-26,UPPER,444.25,452.72,442.48,450.95,23520
2025-11-27,UPPER,446.01,454.31,443.11,451.4,73990
2025-11-28,UPPER,450.4,464.23,443.36,457.18,31183
2025-12-01,UPPER,457.88,461.32,451.74,455.18,71321
2025-12-02,UPPER,455.92,463.71,439.36,447.15,30760
2025-12-03,UPPER,447.97,452.79,447.46,452.28,32437
2025-12-04,UPPER,451.89,457.03,451.42,456.56,65003
2025-12-05,UPPER,456.96,465.33,455.02,463.39,16939
2025-12-08,UPPER,465.06,466.81,460.2,461.95,37146
2025-12-09,UPPER,465.22,468.22,452.67,455.67,67721
2025-12-10,UPPER,454.74,455.15,441.34,441.76,7846
2025-12-11,UPPER,441.18,448.23,440.43,447.48,45899
2025-12-12,UPPER,446.91,450.66,446.21,449.97,12485
2025-12-15,UPPER,450.82,454.97,437.01,441.16,101675
2025-12-16,UPPER,441.73,442.16,435.68,436.1,64311
2025-12-17,UPPER,436.74,440.24,428.28,431.78,23288
2025-12-18,UPPER,432.04,435.67,416.07,419.7,43437
2025-12-19,UPPER,420.89,424.12,410.0,413.24,126858
2025-12-22,UPPER,412.67,416.75,400.57,404.65,41729
2025-12-23,UPPER,403.75,406.91,398.52,401.68,6635
2025-12-24,UPPER,402.9,408.29,391.03,396.42,12762
2025-12-25,UPPER,398.91,401.25,382.66,385.0,86567
2025-12-26,UPPER,384.73,403.17,380.98,399.42,38169
2025-12-29,UPPER,401.22,409.09,400.69,408.56,21471
2025-12-30,UPPER,410.21,413.46,399.53,402.78,35361
2025-12-31,UPPER,401.7,410.4,396.12,404.82,35141
2026-01-01,UPPER,404.83,411.65,401.07,407.88,14956
2026-01-02,UPPER,405.54,418.62,403.51,416.59,55069
2026-01-05,UPPER,413.71,416.65,407.29,410.23,80848
2026-01-06,UPPER,410.31,428.65,399.86,418.21,24719
2026-01-07,UPPER,416.0,427.69,402.14,413.83,36756
2026-01-08,UPPER,416.06,416.78,402.99,403.72,45064
2026-01-09,UPPER,402.18,411.06,400.14,409.02,29581
2026-01-12,UPPER,409.1,422.68,404.89,418.47,25886
2026-01-13,UPPER,420.57,444.24,414.03,437.7,26940
2026-01-14,UPPER,437.4,442.83,422.13,427.55,37836
2026-01-15,UPPER,428.12,440.02,420.57,432.47,19374
2026-01-16,UPPER,433.38,440.71,421.37,428.71,28568
2026-01-19,UPPER,428.53,437.5,425.29,434.27,52453
2026-01-20,UPPER,433.89,434.0,422.05,422.16,37609
2026-01-21,UPPER,421.58,424.07,409.73,412.22,10389
2026-01-22,UPPER,412.71,416.67,402.38,406.34,22832
2026-01-23,UPPER,406.48,414.63,398.75,406.91,19502
2026-01-26,UPPER,407.55,411.0,398.75,402.19,46016
2026-01-27,UPPER,402.92,408.77,401.18,407.04,31037
2026-01-28,UPPER,403.94,416.85,401.63,414.54,27992
2026-01-29,UPPER,413.27,426.05,406.06,418.84,25278
2026-01-30,UPPER,416.8,432.7,414.87,430.78,9653
2026-02-02,UPPER,431.01,434.47,430.01,433.47,35189
2026-02-03,UPPER,433.54,434.15,422.76,423.38,67084
2026-02-04,UPPER,422.4,434.22,421.58,433.4,30678
2026-02-05,UPPER,435.85,438.33,425.6,428.08,24912
2026-02-06,UPPER,428.66,435.06,428.23,434.63,20019
2026-02-09,UPPER,432.08,446.41,431.99,446.32,12563
2026-02-10,UPPER,445.63,450.73,443.98,449.08,41001
2026-02-11,UPPER,447.33,447.41,435.95,436.02,35342
2026-02-12,UPPER,438.45,443.73,422.88,428.16,16097
2026-02-13,UPPER,426.38,438.74,425.52,437.88,51136
2026-02-16,UPPER,436.97,438.42,434.41,435.85,60592
2026-02-17,UPPER,436.75,436.88,435.7,435.82,20154
2026-02-18,UPPER,436.01,447.32,429.81,441.13,29992
2026-02-19,UPPER,440.99,448.67,438.19,445.88,41070
2026-02-20,UPPER,449.25,456.51,439.97,447.23,32907
2026-02-23,UPPER,445.73,448.84,441.53,444.63,43687
2026-02-24,UPPER,445.43,451.18,435.52,441.27,29331
2026-02-25,UPPER,442.5,447.43,442.37,447.3,17334
2026-02-26,UPPER,448.12,453.92,445.04,450.84,127890
2026-02-27,UPPER,451.9,452.52,447.12,447.74,34057
2026-03-02,UPPER,444.61,464.37,435.76,455.52,38436
2026-03-03,UPPER,450.96,460.71,443.59,453.34,43411
2026-03-04,UPPER,452.82,453.44,444.69,445.32,34073
2026-03-05,UPPER,444.86,458.44,424.78,438.36,49319
2026-03-06,UPPER,438.87,441.67,427.13,429.92,31478
2026-03-09,UPPER,433.05,434.81,425.55,427.3,73593
2026-03-10,UPPER,423.36,436.93,422.77,436.34,29242
2026-03-11,UPPER,435.93,447.54,417.75,429.35,70398
2026-03-12,UPPER,429.73,436.51,423.52,430.31,21914
2026-03-13,UPPER,431.48,441.83,414.35,424.7,22273
2026-03-16,UPPER,422.57,423.32,421.57,422.31,30972
2026-03-17,UPPER,422.76,422.9,410.35,410.49,18603
2026-03-18,UPPER,409.51,414.4,403.87,408.77,13297
2026-03-19,UPPER,408.82,409.27,406.84,407.28,39988
2026-03-20,UPPER,406.9,416.82,401.3,411.22,33800
2026-03-23,UPPER,412.57,417.32,408.01,412.76,40561
2026-03-24,UPPER,409.62,411.32,402.03,403.72,86391
2026-03-25,UPPER,402.77,416.7,397.71,411.65,45026
2026-03-26,UPPER,409.19,418.03,404.24,413.09,10154
2026-03-27,UPPER,412.19,417.4,409.2,414.42,210315
2026-03-30,UPPER,412.89,418.29,408.77,414.17,25868
2026-03-31,UPPER,413.39,414.39,409.15,410.14,52438
2026-04-01,UPPER,407.88,415.7,403.85,411.67,12345
2026-04-02,UPPER,410.81,424.3,401.58,415.07,30315
2026-04-03,UPPER,417.14,419.68,399.3,401.83,75873
2026-04-06,UPPER,398.95,400.28,396.69,398.02,25847
2026-04-07,UPPER,396.98,399.35,393.98,396.35,23893
2026-04-08,UPPER,395.74,400.98,393.14,398.37,24801
2026-04-09,UPPER,398.95,407.93,398.1,407.08,21028
2026-04-10,UPPER,405.49,410.59,396.3,401.4,13757
2026-04-13,UPPER,400.09,401.61,396.38,397.9,44036
2026-04-14,UPPER,400.12,409.59,384.91,394.39,54359
2026-04-15,UPPER,392.06,397.89,383.09,388.93,99047
2026-04-16,UPPER,387.63,390.48,383.98,386.83,9324
2026-04-17,UPPER,386.48,393.94,385.1,392.57,55786
2026-04-20,UPPER,390.18,395.57,379.99,385.38,47599
2026-04-21,UPPER,382.96,392.66,379.05,388.75,69487
2026-04-22,UPPER,390.45,390.59,377.03,377.18,34817
2026-04-23,UPPER,376.95,386.38,364.48,373.91,68602
2026-04-24,UPPER,373.33,376.66,368.96,372.29,32673
2026-04-27,UPPER,374.78,395.28,363.64,384.14,21145
2026-04-28,UPPER,384.01,385.94,380.73,382.66,77232
2026-04-29,UPPER,382.3,383.8,366.45,367.95,21245
2026-04-30,UPPER,365.19,368.02,352.57,355.41,53505
2026-05-01,UPPER,357.19,361.11,352.61,356.52,40005
2026-05-04,UPPER,356.64,363.67,354.31,361.34,12690
2026-05-05,UPPER,362.32,367.73,359.18,364.59,40134
2026-05-06,UPPER,365.18,370.78,360.85,366.45,20332
2026-05-07,UPPER,366.6,377.82,363.62,374.84,9059
2026-05-08,UPPER,375.5,381.72,365.56,371.78,75827
2026-05-11,UPPER,373.63,384.39,367.65,378.41,138537
2026-05-12,UPPER,379.58,384.43,362.96,367.81,36339
2026-05-13,UPPER,368.54,374.14,356.93,362.52,59883
2026-05-14,UPPER,364.22,366.33,349.41,351.52,13358
2026-05-15,UPPER,351.71,356.96,345.5,350.74,36872
2026-05-18,UPPER,351.87,354.39,348.9,351.42,49937
2026-05-19,UPPER,351.24,356.13,348.21,353.1,52132
2026-05-20,UPPER,356.0,357.58,352.84,354.42,22302
2026-05-21,UPPER,354.47,361.83,342.06,349.42,15909
2026-05-22,UPPER,349.6,354.37,344.44,349.21,60516
2026-05-25,UPPER,349.68,353.86,336.62,340.79,25454
2026-05-26,UPPER,340.79,353.68,337.38,350.27,54803
2026-05-27,UPPER,350.89,358.41,341.8,349.33,24756
2026-05-28,UPPER,350.2,355.94,341.5,347.24,41936
2026-05-29,UPPER,345.86,359.94,344.11,358.19,96177
2026-06-01,UPPER,358.76,365.75,344.05,351.04,94300
2026-06-02,UPPER,349.92,351.88,342.93,344.89,37218
2026-06-03,UPPER,344.35,345.83,337.67,339.14,50144
2026-06-04,UPPER,337.79,340.9,336.75,339.86,49576
2026-06-05,UPPER,340.09,346.59,337.13,343.63,72517
2026-06-08,UPPER,344.27,353.52,340.02,349.27,17994
2026-06-09,UPPER,348.39,370.52,344.31,366.43,20635
2026-06-10,UPPER,366.12,368.05,350.39,352.32,60011
2026-06-11,UPPER,350.09,358.27,348.94,357.13,71972
2026-06-12,UPPER,357.04,360.01,351.45,354.42,47473
2026-06-15,UPPER,355.97,356.67,350.89,351.59,48407
2026-06-16,UPPER,354.66,357.66,345.62,348.63,40806
2026-06-17,UPPER,349.97,350.48,343.42,343.92,42178
2026-06-18,UPPER,347.35,356.84,345.93,355.42,30789
2026-06-19,UPPER,355.58,362.86,354.44,361.71,69072
2026-06-22,UPPER,358.86,368.12,353.4,362.66,25533
2026-06-23,UPPER,362.04,378.35,355.96,372.26,49094
2026-06-24,UPPER,370.14,373.37,359.53,362.76,37858
2026-06-25,UPPER,360.3,363.36,351.79,354.85,59405
2026-06-26,UPPER,356.21,359.0,339.05,341.85,75439
2026-06-29,UPPER,341.36,348.82,331.18,338.64,38783
2026-06-30,UPPER,338.64,342.19,337.22,340.77,91100
2026-07-01,UPPER,339.59,347.12,334.99,342.51,82976
2026-07-02,UPPER,342.01,348.03,338.5,344.52,60635
2026-07-03,UPPER,346.58,347.73,335.68,336.83,37975
2026-07-06,UPPER,340.39,346.38,336.87,342.86,51992
2026-07-07,UPPER,343.85,345.59,343.68,345.42,29168
2026-07-08,UPPER,345.67,359.41,337.29,351.03,30829
2026-07-09,UPPER,352.57,355.41,337.19,340.03,61102
2026-07-10,UPPER,340.82,344.77,339.11,343.06,14689
2026-07-13,UPPER,343.68,344.3,336.18,336.8,101153
2026-07-14,UPPER,335.08,338.15,332.5,335.56,21220
2026-07-15,UPPER,337.35,344.51,332.81,339.97,91966
2026-07-16,UPPER,341.63,342.74,340.54,341.65,39354
2026-07-17,UPPER,341.2,341.52,337.19,337.51,30144
2026-07-20,UPPER,337.87,343.95,332.63,338.71,35447
2026-07-21,UPPER,338.83,341.3,328.05,330.51,32937
2026-07-22,UPPER,330.6,341.55,327.65,338.6,56553
2026-07-23,UPPER,338.72,342.59,334.62,338.49,41765
2026-07-24,UPPER,337.69,348.93,335.21,346.45,41704
2026-07-27,UPPER,346.93,350.83,340.29,344.2,21221
2026-07-28,UPPER,347.41,351.05,338.38,342.02,21667
2026-07-29,UPPER,341.02,342.83,336.6,338.4,67817
2026-07-30,UPPER,339.06,349.25,334.69,344.89,21508
2026-07-31,UPPER,343.46,344.17,340.83,341.54,59480
2026-08-03,UPPER,342.29,349.5,339.39,346.6,29541
2026-08-04,UPPER,346.8,347.2,344.85,345.24,22992
2026-08-05,UPPER,347.36,348.06,333.31,334.01,22768
2026-08-06,UPPER,336.01,339.9,327.9,331.79,22254
2026-08-07,UPPER,332.19,336.93,321.23,325.97,26148
2026-08-10,UPPER,326.02,333.6,319.9,327.48,22441
2026-08-11,UPPER,328.91,332.6,318.06,321.75,25778
2026-08-12,UPPER,322.98,328.61,322.83,328.46,27158
2026-08-13,UPPER,328.44,329.35,328.29,329.2,54720
2026-08-14,UPPER,328.91,331.36,326.96,329.41,37729
2026-08-17,UPPER,327.46,335.81,326.22,334.56,42385
2026-08-18,UPPER,333.38,348.02,326.92,341.56,22838
2026-08-19,UPPER,342.55,345.53,339.56,342.54,47528
2026-08-20,UPPER,341.28,341.82,338.33,338.87,38385
2026-08-21,UPPER,339.06,344.22,324.04,329.19,61261
2026-08-24,UPPER,327.17,331.25,322.3,326.39,93682
2026-08-25,UPPER,327.87,329.85,322.08,324.06,33110
2026-08-26,UPPER,324.63,326.54,324.1,326.01,21366
2026-08-27,UPPER,325.51,325.95,324.86,325.29,16443
2026-08-28,UPPER,324.95,331.75,323.83,330.63,33050
2026-08-31,UPPER,332.74,336.71,324.26,328.23,61453
2026-09-01,UPPER,327.83,332.34,324.65,329.17,12867
2026-09-02,UPPER,329.09,344.04,322.5,337.45,23172
2026-09-03,UPPER,339.02,342.1,337.6,340.68,35816
2026-09-04,UPPER,342.16,346.52,337.06,341.43,19037
2026-09-07,UPPER,342.73,345.02,336.55,338.83,7132
2026-09-08,UPPER,336.89,337.39,335.6,336.1,27284
2026-09-09,UPPER,335.62,336.61,331.14,332.13,26072
2026-09-10,UPPER,335.18,338.8,326.5,330.12,111354
2026-09-11,UPPER,332.21,339.77,328.31,335.87,28575
2026-09-14,UPPER,335.78,336.22,335.27,335.7,24444
2026-09-15,UPPER,335.87,339.11,325.49,328.73,27284
2026-09-16,UPPER,327.55,344.9,323.11,340.46,13563
2026-09-17,UPPER,338.83,343.58,338.79,343.54,30966
2026-09-18,UPPER,345.18,349.79,331.31,335.91,35618
2026-09-21,UPPER,338.44,338.73,334.12,334.42,49635
2026-09-22,UPPER,332.51,337.38,331.41,336.28,45996
2026-09-23,UPPER,335.43,350.65,332.55,347.77,43248
2026-09-24,UPPER,347.51,348.76,340.6,341.85,8162
